,name1,name2,Site
0,gut Acinetobacter,gut Acinetobacter,Oral
3,gut Allisonella,gut Allisonella,Oral
8,gut Anaeromassilibacillus,gut Anaeromassilibacillus,Oral
10,gut Azospirillum,gut Azospirillum,Oral
12,gut Bacteroides,gut Bacteroides,Oral
17,gut Barnesiella,gut Barnesiella,Oral
19,gut Bifidobacterium,gut Bifidobacterium,Oral
22,gut Bilophila,gut Bilophila,Oral
24,gut Butyricicoccus,gut Butyricicoccus,Oral
27,gut Butyricimonas,gut Butyricimonas,Oral
29,gut Catenibacterium,gut Catenibacterium,Oral
37,gut Cloacibacillus,gut Cloacibacillus,Oral
43,gut Clostridium,gut Clostridium,Oral
44,gut Collinsella,gut Collinsella,Oral
46,gut Coprobacter,gut Coprobacter,Oral
49,gut Cryptobacterium,gut Cryptobacterium,Oral
56,gut Dakarella,gut Dakarella,Oral
59,gut Desulfovibrio,gut Desulfovibrio,Oral
60,gut Dorea,gut Dorea,Oral
61,gut Drancourtella,gut Drancourtella,Oral
62,gut Duodenibacillus,gut Duodenibacillus,Oral
63,gut Enterococcus,gut Enterococcus,Oral
64,gut Escherichia,gut Escherichia,Oral
71,gut Eubacterium,gut Eubacterium,Oral
76,gut Faecalicoccus,gut Faecalicoccus,Oral
80,gut Faecalitalea,gut Faecalitalea,Oral
82,gut Flavonifractor,gut Flavonifractor,Oral
83,gut Fusicatenibacter,gut Fusicatenibacter,Oral
86,gut Fusobacterium,gut Fusobacterium,Oral
88,gut Gemella,gut Gemella,Oral
89,gut Gemmiger,gut Gemmiger,Oral
90,gut Gordonibacter,gut Gordonibacter,Oral
92,gut Holdemanella,gut Holdemanella,Oral
93,gut Klebsiella,gut Klebsiella,Oral
94,gut Lachnospira,gut Lachnospira,Oral
97,gut Libanicoccus,gut Libanicoccus,Oral
101,gut Marvinbryantia,gut Marvinbryantia,Oral
102,gut Mediterranea,gut Mediterranea,Oral
104,gut Megamonas,gut Megamonas,Oral
109,gut Megasphaera,gut Megasphaera,Oral
111,gut Merdimonas,gut Merdimonas,Oral
113,gut Methanosphaera,gut Methanosphaera,Oral
116,gut Mitsuokella,gut Mitsuokella,Oral
118,gut Negativibacillus,gut Negativibacillus,Oral
119,gut Odoribacter,gut Odoribacter,Oral
121,gut Olsenella,gut Olsenella,Oral
127,gut Paraprevotella,gut Paraprevotella,Oral
136,gut Parasutterella,gut Parasutterella,Oral
143,gut Phascolarctobacterium,gut Phascolarctobacterium,Oral
144,gut Prevotella,gut Prevotella,Oral
145,gut Prevotellamassilia,gut Prevotellamassilia,Oral
147,gut Proteus,gut Proteus,Oral
149,gut Raoultella,gut Raoultella,Oral
150,gut Romboutsia,gut Romboutsia,Oral
152,gut Roseburia,gut Roseburia,Oral
154,gut Ruminiclostridium,gut Ruminiclostridium,Oral
155,gut Ruminococcus,gut Ruminococcus,Oral
158,gut Sellimonas,gut Sellimonas,Oral
159,gut Senegalimassilia,gut Senegalimassilia,Oral
164,gut Slackia,gut Slackia,Oral
165,gut Streptococcus,gut Streptococcus,Oral
166,gut Subdoligranulum,gut Subdoligranulum,Oral
167,gut Succinatimonas,gut Succinatimonas,Oral
170,gut Turicibacter,gut Turicibacter,Oral
171,gut unclassified Actinobacteria,gut unclassified Actinobacteria,Oral
172,gut unclassified Bacteria,gut unclassified Bacteria,Oral
180,gut unclassified Bacteroidales,gut unclassified Bacteroidales,Oral
181,gut unclassified Burkholderiales,gut unclassified Burkholderiales,Oral
182,gut unclassified Christensenellaceae,gut unclassified Christensenellaceae,Oral
183,gut unclassified Clostridia,gut unclassified Clostridia,Oral
184,gut unclassified Clostridiales,gut unclassified Clostridiales,Oral
187,gut unclassified Erysipelotrichaceae,gut unclassified Erysipelotrichaceae,Oral
189,gut unclassified Firmicutes,gut unclassified Firmicutes,Oral
190,gut unclassified Lachnospiraceae,gut unclassified Lachnospiraceae,Oral
191,gut unclassified Oscillospiraceae,gut unclassified Oscillospiraceae,Oral
192,gut unclassified Prevotellaceae,gut unclassified Prevotellaceae,Oral
195,gut unclassified Rhodospirillaceae,gut unclassified Rhodospirillaceae,Oral
196,gut unclassified Ruminococcaceae,gut unclassified Ruminococcaceae,Oral
198,gut unclassified Verrucomicrobia,gut unclassified Verrucomicrobia,Oral
0,oral Alloscardovia,oral Alloscardovia,Gut
1,oral Caviibacter,oral Caviibacter,Gut
2,gut Acidiphilium,gut Acidiphilium,Gut
3,oral Carnobacterium,oral Carnobacterium,Gut
4,oral Trueperella,oral Trueperella,Gut
5,oral Xylanimonas,oral Xylanimonas,Gut
6,oral unclassified Actinomycetaceae,oral unclassified Actinomycetaceae,Gut
7,oral unclassified Neisseriaceae,oral unclassified Neisseriaceae,Gut
8,oral Abiotrophia,oral Abiotrophia,Gut
9,oral Desulfomicrobium,oral Desulfomicrobium,Gut
11,gut Acetobacter,gut Acetobacter,Gut
12,oral Campylobacter,oral Campylobacter,Gut
13,oral Prevotella,oral Prevotella,Gut
14,oral Veillonella,oral Veillonella,Gut
17,oral Alloprevotella,oral Alloprevotella,Gut
19,oral Catonella,oral Catonella,Gut
20,oral Isoptericola,oral Isoptericola,Gut
21,oral unclassified Atopobiaceae,oral unclassified Atopobiaceae,Gut
23,oral Selenomonas,oral Selenomonas,Gut
24,oral Desulfobulbus,oral Desulfobulbus,Gut
25,oral Lactobacillus,oral Lactobacillus,Gut
26,oral Parascardovia,oral Parascardovia,Gut
27,oral Bradyrhizobium,oral Bradyrhizobium,Gut
29,oral Bacteroides,oral Bacteroides,Gut
32,oral Fretibacterium,oral Fretibacterium,Gut
33,oral Sanguibacter,oral Sanguibacter,Gut
34,oral unclassified Bacteroidetes,oral unclassified Bacteroidetes,Gut
35,oral unclassified Synergistaceae,oral unclassified Synergistaceae,Gut
36,oral unclassified Synergistales,oral unclassified Synergistales,Gut
37,oral Actinobaculum,oral Actinobaculum,Gut
38,oral Chlamydia,oral Chlamydia,Gut
39,oral Peptoanaerobacter,oral Peptoanaerobacter,Gut
41,oral unclassified Bacteroidales,oral unclassified Bacteroidales,Gut
42,oral unclassified Candidatus Gracilibacteria,oral unclassified Candidatus Gracilibacteria,Gut
43,oral unclassified Firmicutes,oral unclassified Firmicutes,Gut
44,oral unclassified Selenomonadaceae,oral unclassified Selenomonadaceae,Gut
45,gut Acidaminococcus,gut Acidaminococcus,Gut
46,oral Megasphaera,oral Megasphaera,Gut
47,oral Stomatobaculum,oral Stomatobaculum,Gut
49,oral Centipeda,oral Centipeda,Gut
50,oral Colibacter,oral Colibacter,Gut
51,oral Desulfovibrio,oral Desulfovibrio,Gut
52,oral Johnsonella,oral Johnsonella,Gut
53,oral Phocaeicola,oral Phocaeicola,Gut
54,oral Treponema,oral Treponema,Gut
57,oral Mycoplasma,oral Mycoplasma,Gut
59,oral Solobacterium,oral Solobacterium,Gut
65,oral Cardiobacterium,oral Cardiobacterium,Gut
66,oral Eikenella,oral Eikenella,Gut
67,oral Gemella,oral Gemella,Gut
68,oral Granulicatella,oral Granulicatella,Gut
69,oral Neisseria,oral Neisseria,Gut
72,oral Haemophilus,oral Haemophilus,Gut
73,oral Peptostreptococcus,oral Peptostreptococcus,Gut
74,oral Pseudopropionibacterium,oral Pseudopropionibacterium,Gut
82,oral unclassified Prevotellaceae,oral unclassified Prevotellaceae,Gut
84,oral Pseudoramibacter,oral Pseudoramibacter,Gut
86,oral Klebsiella,oral Klebsiella,Gut
87,oral unclassified Peptostreptococcaceae,oral unclassified Peptostreptococcaceae,Gut
88,oral unclassified Propionibacteriales,oral unclassified Propionibacteriales,Gut
91,oral Filifactor,oral Filifactor,Gut
106,oral unclassified Clostridiales,oral unclassified Clostridiales,Gut
110,oral Ottowia,oral Ottowia,Gut
112,oral Propionibacterium,oral Propionibacterium,Gut
113,oral Bifidobacterium,oral Bifidobacterium,Gut
115,oral Scardovia,oral Scardovia,Gut
131,oral Parvimonas,oral Parvimonas,Gut
132,oral Tannerella,oral Tannerella,Gut
133,oral unclassified Clostridiales Family XIII. Incertae Sedis,oral unclassified Clostridiales Family XIII. Incertae Sedis,Gut
147,oral Enterobacter,oral Enterobacter,Gut
148,oral Pseudomonas,oral Pseudomonas,Gut
160,oral Cutibacterium,oral Cutibacterium,Gut
161,oral Fusobacterium,oral Fusobacterium,Gut
164,oral Candida,oral Candida,Gut
172,oral Anaeroglobus,oral Anaeroglobus,Gut
177,oral Olsenella,oral Olsenella,Gut
178,oral Peptoniphilus,oral Peptoniphilus,Gut
179,oral Slackia,oral Slackia,Gut
183,oral Lachnoanaerobaculum,oral Lachnoanaerobaculum,Gut
