,0,Site,Rename
0,Days_after_treatment,Days_after_treatment,
1,age_at_baseline_years,age_at_baseline_years,
2,MELD,MELD,
3,FABP2,FABP2,
4,DLactate_faecal,DLactate_faecal,
5,DLactate_plasma,DLactate_plasma,
6,faecal_ammonia,faecal_ammonia,
7,endotoxin,endotoxin,
8,E_faecalis,E_faecalis,
9,E_coli,E_coli,
10,EC2.9.1.1,EC2.9.1.1,
11,INR,INR,
12,CRP,CRP,
13,Sodium,Sodium,
14,Potassium,Potassium,
15,Creatinine,Creatinine,
16,Urea,Urea,
17,Haemoglobin,Haemoglobin,
18,MCV,MCV,
19,Platelets,Platelets,
20,Neuts,Neuts,
21,Lymphs,Lymphs,
22,neut/lymph,neut/lymph,
23,WCC,WCC,
24,Bilirubin,Bilirubin,
25,ALT,ALT,
26,AST,AST,
27,ALP,ALP,
28,GGT,GGT,
29,Albumin,Albumin,
30,Ammonia,Ammonia,
31,Lactate,Lactate,
32,Ascites,Ascites,
33,HE_grade,HE_grade,
34,Calprotectin/(µg/g),Calprotectin/(µg/g),
35,N/L_ratio,N/L_ratio,
36,Calprotectin_(µg/g),Calprotectin_(µg/g),
37,Height_(cm),Height_(cm),
38,Weight_(kg),Weight_(kg),
39,BMI,BMI,
40,Smoking_/_day,Smoking_/_day,
41,MELDNA,MELDNA,
42,MELDPLUS,MELDPLUS,
43,plasma 5-Cholenic Acid-3-beta-ol,plasma,5-Cholenic Acid-3-beta-ol
44,plasma 3-Ketocholanic Acid,plasma,3-Ketocholanic Acid
45,plasma Lithocholic Acid,plasma,Lithocholic Acid
46,plasma Isolithocholic Acid,plasma,Isolithocholic Acid
47,plasma 5-beta-Cholenic Acid-7-alpha-ol-3-one,plasma,5-beta-Cholenic Acid-7-alpha-ol-3-one
48,plasma 3-alpha-Hydroxy-7 Ketolithocholic Acid,plasma,3-alpha-Hydroxy-7 Ketolithocholic Acid
49,plasma 3-alpha-Hydroxy-12 Ketolithocholic Acid,plasma,3-alpha-Hydroxy-12 Ketolithocholic Acid
50,plasma Murocholic Acid,plasma,Murocholic Acid
51,"plasma 5-beta-Cholanic Acid-3-beta, 12-alpha-diol",plasma,"5-beta-Cholanic Acid-3-beta, 12-alpha-diol"
52,plasma Deoxycholic Acid,plasma,Deoxycholic Acid
53,plasma Chenodeoxycholic Acid,plasma,Chenodeoxycholic Acid
54,plasma 12-Dehydrocholic Acid|7-Dehydrocholic Acid,plasma,12-Dehydrocholic Acid|7-Dehydrocholic Acid
55,plasma Ursodeoxycholic Acid,plasma,Ursodeoxycholic Acid
56,plasma Cholic acid|Ursocholic acid,plasma,Cholic acid|Ursocholic acid
57,plasma Hyocholic acid,plasma,Hyocholic acid
58,plasma Glycoursocholanic Acid,plasma,Glycoursocholanic Acid
59,plasma Glycolithocholic Acid,plasma,Glycolithocholic Acid
60,plasma Glycochenodeoxycholic Acid,plasma,Glycochenodeoxycholic Acid
61,plasma Glycodeoxycholic Acid,plasma,Glycodeoxycholic Acid
62,plasma Glycoursodeoxycholic Acid,plasma,Glycoursodeoxycholic Acid
63,plasma Glycocholic Acid,plasma,Glycocholic Acid
64,plasma Taurolithocholic Acid,plasma,Taurolithocholic Acid
65,plasma Glycohyocholic Acid,plasma,Glycohyocholic Acid
66,plasma Tauroursodeoxycholic Acid,plasma,Tauroursodeoxycholic Acid
67,plasma Taurochenodeoxycholic Acid,plasma,Taurochenodeoxycholic Acid
68,plasma Taurodeoxycholic Acid,plasma,Taurodeoxycholic Acid
69,plasma Taurohyocholic Acid,plasma,Taurohyocholic Acid
70,plasma Tauro omega-Muricholic Acid,plasma,Tauro omega-Muricholic Acid
71,plasma Taurocholic Acid,plasma,Taurocholic Acid
72,plasma Taurolithocholic Acid 3-Sulfate,plasma,Taurolithocholic Acid 3-Sulfate
73,plasma Lithocholic Acid 3-Sulfate,plasma,Lithocholic Acid 3-Sulfate
74,plasma Deoxycholic Acid-3-Sulfate,plasma,Deoxycholic Acid-3-Sulfate
75,plasma Chenodeoxycholic Acid-3-Sulfate,plasma,Chenodeoxycholic Acid-3-Sulfate
76,plasma Ursodeoxycholic Acid-3-Sulfate,plasma,Ursodeoxycholic Acid-3-Sulfate
77,plasma Glycochenodeoxycholic Acid-3-Sulfate,plasma,Glycochenodeoxycholic Acid-3-Sulfate
78,plasma Taurochenodeoxycholic Acid-3-Sulfate,plasma,Taurochenodeoxycholic Acid-3-Sulfate
79,plasma Glycocholic Acid-3-Sulfate,plasma,Glycocholic Acid-3-Sulfate
80,plasma Glycolithocholic Acid-3-Sulfate,plasma,Glycolithocholic Acid-3-Sulfate
81,plasma Tauroursodeoxycholic Acid-3-Sulfate,plasma,Tauroursodeoxycholic Acid-3-Sulfate
82,plasma Glycoursodeoxycholic Acid-3-Sulfate,plasma,Glycoursodeoxycholic Acid-3-Sulfate
83,plasma Glycodeoxycholic Acid-3-Sulfate,plasma,Glycodeoxycholic Acid-3-Sulfate
84,plasma 23-Norcholic Acid,plasma,23-Norcholic Acid
85,plasma 5-beta-Cholanic Acid 12-alpha-ol-3-one,plasma,5-beta-Cholanic Acid 12-alpha-ol-3-one
86,plasma Tryptophan,plasma,Tryptophan
87,plasma Kynurenine,plasma,Kynurenine
88,plasma 3OH-Kynurenine,plasma,3OH-Kynurenine
89,plasma Neopterin,plasma,Neopterin
90,plasma Kynurenic acid,plasma,Kynurenic acid
91,plasma Xanthurenic acid,plasma,Xanthurenic acid
92,plasma 3-HAA,plasma,3-HAA
93,plasma Quinolinic acid,plasma,Quinolinic acid
94,plasma NAD+,plasma,NAD+
95,plasma Indole-3-acetic-acid,plasma,Indole-3-acetic-acid
96,plasma 5-hydroxyindole acetic acid,plasma,5-hydroxyindole acetic acid
97,plasma Picolinic Acid,plasma,Picolinic Acid
98,plasma Nicotinic acid,plasma,Nicotinic acid
99,plasma Citrulline,plasma,Citrulline
100,stool 5-Cholenic Acid-3-beta-ol,stool,5-Cholenic Acid-3-beta-ol
101,stool 3-Ketocholanic Acid,stool,3-Ketocholanic Acid
102,stool Lithocholic Acid,stool,Lithocholic Acid
103,stool Isolithocholic Acid,stool,Isolithocholic Acid
104,stool Isoallolithocholic Acid,stool,Isoallolithocholic Acid
105,"stool 3-alpha,12-alpha, 23-Nordeoxycholic Acid",stool,"3-alpha,12-alpha, 23-Nordeoxycholic Acid"
106,"stool 9(11), (5-beta)-Cholenic Acid-3-alpha-ol-12-one",stool,"9(11), (5-beta)-Cholenic Acid-3-alpha-ol-12-one"
107,"stool 3,6-Diketocholanic Acid| 3,12-Diketocholanic Acid",stool,"3,6-Diketocholanic Acid| 3,12-Diketocholanic Acid"
108,"stool 8(14),(5-beta)-Cholenic Acid-3-alpha, 12-alpha-diol",stool,"8(14),(5-beta)-Cholenic Acid-3-alpha, 12-alpha-diol"
109,stool 5-beta-Cholenic Acid-7-alpha-ol-3-one,stool,5-beta-Cholenic Acid-7-alpha-ol-3-one
110,stool 5-alpha-Cholanic Acid-3-alpha-ol-6-one,stool,5-alpha-Cholanic Acid-3-alpha-ol-6-one
111,stool 3-alpha-Hydroxy-7 Ketolithocholic Acid,stool,3-alpha-Hydroxy-7 Ketolithocholic Acid
112,stool 3-alpha-Hydroxy-12 Ketolithocholic Acid,stool,3-alpha-Hydroxy-12 Ketolithocholic Acid
113,stool Murocholic Acid,stool,Murocholic Acid
114,"stool 5-beta-Cholanic Acid-3-beta, 12-alpha-diol",stool,"5-beta-Cholanic Acid-3-beta, 12-alpha-diol"
115,stool Deoxycholic Acid,stool,Deoxycholic Acid
116,stool Chenodeoxycholic Acid,stool,Chenodeoxycholic Acid
117,stool Hyodeoxycholic Acid,stool,Hyodeoxycholic Acid
118,"stool 3,7,12-Dehydrocholic Acid",stool,"3,7,12-Dehydrocholic Acid"
119,"stool 3-alpha-Hydroxy-7,12-Diketocholanic Acid",stool,"3-alpha-Hydroxy-7,12-Diketocholanic Acid"
120,"stool 5-beta-Cholanic Acid-3-alpha, 6-alpha-diol-7-one",stool,"5-beta-Cholanic Acid-3-alpha, 6-alpha-diol-7-one"
121,stool 3-Dehydrocholic Acid,stool,3-Dehydrocholic Acid
122,stool 12-Dehydrocholic Acid|7-Dehydrocholic Acid,stool,12-Dehydrocholic Acid|7-Dehydrocholic Acid
123,stool Ursodeoxycholic Acid,stool,Ursodeoxycholic Acid
124,stool omega Muricholic Acid,stool,omega Muricholic Acid
125,stool beta Muricholic Acid,stool,beta Muricholic Acid
126,stool Cholic acid|Ursocholic acid,stool,Cholic acid|Ursocholic acid
127,stool Hyocholic acid,stool,Hyocholic acid
128,stool Glycoursocholanic Acid,stool,Glycoursocholanic Acid
129,stool Glycolithocholic Acid,stool,Glycolithocholic Acid
130,stool Glycochenodeoxycholic Acid,stool,Glycochenodeoxycholic Acid
131,stool Glycodeoxycholic Acid,stool,Glycodeoxycholic Acid
132,stool Glycoursodeoxycholic Acid,stool,Glycoursodeoxycholic Acid
133,stool Glycocholic Acid,stool,Glycocholic Acid
134,stool Tauroursocholanic Acid,stool,Tauroursocholanic Acid
135,stool Tauroursodeoxycholic Acid,stool,Tauroursodeoxycholic Acid
136,stool Taurochenodeoxycholic Acid,stool,Taurochenodeoxycholic Acid
137,stool Taurodeoxycholic Acid,stool,Taurodeoxycholic Acid
138,stool Tauro omega-Muricholic Acid,stool,Tauro omega-Muricholic Acid
139,stool Taurocholic Acid,stool,Taurocholic Acid
140,stool Lithocholic Acid 3-Sulfate,stool,Lithocholic Acid 3-Sulfate
141,stool Cholic Acid-3-Sulfate,stool,Cholic Acid-3-Sulfate
142,stool Deoxycholic Acid-3-Sulfate,stool,Deoxycholic Acid-3-Sulfate
143,stool Chenodeoxycholic Acid-3-Sulfate,stool,Chenodeoxycholic Acid-3-Sulfate
144,stool Ursodeoxycholic Acid-3-Sulfate,stool,Ursodeoxycholic Acid-3-Sulfate
145,stool Glycochenodeoxycholic Acid-3-Sulfate,stool,Glycochenodeoxycholic Acid-3-Sulfate
146,stool Glycolithocholic Acid-3-Sulfate,stool,Glycolithocholic Acid-3-Sulfate
147,stool Allolithocholic Acid,stool,Allolithocholic Acid
148,stool 23-Norcholic Acid,stool,23-Norcholic Acid
149,stool 6-Oxolithocholic Acid,stool,6-Oxolithocholic Acid
150,stool 5-beta-Cholanic Acid 12-alpha-ol-3-one,stool,5-beta-Cholanic Acid 12-alpha-ol-3-one
151,stool 5-alpha-Cholanic Acid-3-one,stool,5-alpha-Cholanic Acid-3-one
152,stool Acetic_acid,stool,Acetic_acid
153,stool Alanine,stool,Alanine
154,stool Butyric_acid,stool,Butyric_acid
155,stool Ethanol,stool,Ethanol
156,stool Formic_acid,stool,Formic_acid
157,stool Fumaric_acid,stool,Fumaric_acid
158,stool Glutamic_acid,stool,Glutamic_acid
159,stool Glycine,stool,Glycine
160,stool Isoleucine,stool,Isoleucine
161,stool Lactic_acid,stool,Lactic_acid
162,stool Leucine,stool,Leucine
163,stool Methanol,stool,Methanol
164,stool N_trimethylamine,stool,N_trimethylamine
165,stool N_methylamine,stool,N_methylamine
166,stool Phenylacetic_acid,stool,Phenylacetic_acid
167,stool Propionic_acid,stool,Propionic_acid
168,stool Succinic_acid,stool,Succinic_acid
169,stool Tyrosine,stool,Tyrosine
170,stool Uracil,stool,Uracil
171,stool Valeric_acid,stool,Valeric_acid
172,stool Valine,stool,Valine
173,stool Nicotinic riboside,stool,Nicotinic riboside
174,stool Indole-3-acetic-acid,stool,Indole-3-acetic-acid
175,stool Kynurenic acid,stool,Kynurenic acid
176,stool Picolinic Acid,stool,Picolinic Acid
177,stool NAD+,stool,NAD+
178,stool 5-hydroxyindole acetic acid,stool,5-hydroxyindole acetic acid
179,stool Tryptophan,stool,Tryptophan
180,stool 3-HAA,stool,3-HAA
181,stool Citrulline,stool,Citrulline
182,stool Xanthurenic acid,stool,Xanthurenic acid
183,stool Neopterin,stool,Neopterin
184,urine 3-alpha-Hydroxy-7 Ketolithocholic Acid,urine,3-alpha-Hydroxy-7 Ketolithocholic Acid
185,urine 3-alpha-Hydroxy-12 Ketolithocholic Acid,urine,3-alpha-Hydroxy-12 Ketolithocholic Acid
186,urine Deoxycholic Acid,urine,Deoxycholic Acid
187,urine Chenodeoxycholic Acid,urine,Chenodeoxycholic Acid
188,"urine 5-beta-Cholanic Acid-3-alpha, 6-alpha-diol-7-one",urine,"5-beta-Cholanic Acid-3-alpha, 6-alpha-diol-7-one"
189,urine 3-Dehydrocholic Acid,urine,3-Dehydrocholic Acid
190,urine 12-Dehydrocholic Acid|7-Dehydrocholic Acid,urine,12-Dehydrocholic Acid|7-Dehydrocholic Acid
191,urine Ursodeoxycholic Acid,urine,Ursodeoxycholic Acid
192,urine omega Muricholic Acid,urine,omega Muricholic Acid
193,urine beta Muricholic Acid,urine,beta Muricholic Acid
194,urine Cholic acid|Ursocholic acid,urine,Cholic acid|Ursocholic acid
195,urine Hyocholic acid,urine,Hyocholic acid
196,urine Glycochenodeoxycholic Acid,urine,Glycochenodeoxycholic Acid
197,urine Glycodeoxycholic Acid,urine,Glycodeoxycholic Acid
198,urine Glycoursodeoxycholic Acid,urine,Glycoursodeoxycholic Acid
199,urine Glycocholic Acid,urine,Glycocholic Acid
200,urine Glycohyocholic Acid,urine,Glycohyocholic Acid
201,urine Tauroursodeoxycholic Acid,urine,Tauroursodeoxycholic Acid
202,urine Taurochenodeoxycholic Acid,urine,Taurochenodeoxycholic Acid
203,urine Taurodeoxycholic Acid,urine,Taurodeoxycholic Acid
204,urine Taurohyocholic Acid,urine,Taurohyocholic Acid
205,urine Tauro omega-Muricholic Acid,urine,Tauro omega-Muricholic Acid
206,urine Taurocholic Acid,urine,Taurocholic Acid
207,urine Taurolithocholic Acid 3-Sulfate,urine,Taurolithocholic Acid 3-Sulfate
208,urine Lithocholic Acid 3-Sulfate,urine,Lithocholic Acid 3-Sulfate
209,urine Cholic Acid-3-Sulfate,urine,Cholic Acid-3-Sulfate
210,urine Deoxycholic Acid-3-Sulfate,urine,Deoxycholic Acid-3-Sulfate
211,urine Chenodeoxycholic Acid-3-Sulfate,urine,Chenodeoxycholic Acid-3-Sulfate
212,urine Ursodeoxycholic Acid-3-Sulfate,urine,Ursodeoxycholic Acid-3-Sulfate
213,urine Glycochenodeoxycholic Acid-3-Sulfate,urine,Glycochenodeoxycholic Acid-3-Sulfate
214,urine Taurochenodeoxycholic Acid-3-Sulfate,urine,Taurochenodeoxycholic Acid-3-Sulfate
215,urine Glycocholic Acid-3-Sulfate,urine,Glycocholic Acid-3-Sulfate
216,urine Glycolithocholic Acid-3-Sulfate,urine,Glycolithocholic Acid-3-Sulfate
217,urine Tauroursodeoxycholic Acid-3-Sulfate,urine,Tauroursodeoxycholic Acid-3-Sulfate
218,urine Glycoursodeoxycholic Acid-3-Sulfate,urine,Glycoursodeoxycholic Acid-3-Sulfate
219,urine Glycodeoxycholic Acid-3-Sulfate,urine,Glycodeoxycholic Acid-3-Sulfate
220,urine Taurocholic Acid-3-Sulfate,urine,Taurocholic Acid-3-Sulfate
221,urine 23-Norcholic Acid,urine,23-Norcholic Acid
222,urine 5-beta-Cholanic Acid 12-alpha-ol-3-one,urine,5-beta-Cholanic Acid 12-alpha-ol-3-one
223,urine Succinic acid,urine,Succinic acid
224,urine Tartaric acid,urine,Tartaric acid
225,urine Citric acid,urine,Citric acid
226,urine Formic acid,urine,Formic acid
227,urine Fumaric acid,urine,Fumaric acid
228,"urine N,N-Dimethylglycine",urine,"N,N-Dimethylglycine"
229,urine Guanidinoacetic acid,urine,Guanidinoacetic acid
230,urine Betaine,urine,Betaine
231,urine D-Glucose,urine,D-Glucose
232,urine Taurine,urine,Taurine
233,urine Valine,urine,Valine
234,urine D-Lactose,urine,D-Lactose
235,urine Hippuric acid,urine,Hippuric acid
236,urine Glycine,urine,Glycine
237,urine Creatinine,urine,Creatinine
238,urine Dimethylamine,urine,Dimethylamine
239,urine Trimethylamine,urine,Trimethylamine
240,urine 1-Methylhistidine,urine,1-Methylhistidine
241,urine 2-Furoylglycine,urine,2-Furoylglycine
242,urine 4-Aminobutyric acid,urine,4-Aminobutyric acid
243,urine Alanine,urine,Alanine
244,urine Sarcosine,urine,Sarcosine
245,urine Acetic acid,urine,Acetic acid
246,urine Lactic acid,urine,Lactic acid
247,urine Proline betaine,urine,Proline betaine
248,urine Trigonelline,urine,Trigonelline
249,urine Acetoacetic acid,urine,Acetoacetic acid
250,urine Acetone,urine,Acetone
251,urine Oxaloacetic acid,urine,Oxaloacetic acid
252,urine Pyruvic acid,urine,Pyruvic acid
253,urine Allantoin,urine,Allantoin
254,urine Caffeine,urine,Caffeine
255,urine D-Galactose,urine,D-Galactose
256,urine D-Mannose,urine,D-Mannose
257,urine Indole-3-acetic-acid,urine,Indole-3-acetic-acid
258,urine 3OH-Kynurenine,urine,3OH-Kynurenine
259,urine Neopterin,urine,Neopterin
260,urine Xanthurenic acid,urine,Xanthurenic acid
261,urine Kynurenine,urine,Kynurenine
262,urine Nicotinic riboside,urine,Nicotinic riboside
263,urine Tryptophan,urine,Tryptophan
264,urine 3-HAA,urine,3-HAA
265,urine Serotonin,urine,Serotonin
266,urine Beta-nicotinamide mononucleotide,urine,Beta-nicotinamide mononucleotide
267,urine NAD+,urine,NAD+
268,urine Picolinic Acid,urine,Picolinic Acid
269,gut Acetobacter sp. 46_36 & CAG:267,gut,Acetobacter sp. 46_36 & CAG:267
270,gut Acidaminococcus intestini,gut,Acidaminococcus intestini
271,gut Acidaminococcus massiliensis,gut,Acidaminococcus massiliensis
272,gut Acidiphilium sp. CAG:727,gut,Acidiphilium sp. CAG:727
273,gut Acinetobacter sp. N54.MGS-139 / Proteobacteria bacterium CAG:139,gut,Acinetobacter sp. N54.MGS-139 / Proteobacteria bacterium CAG:139
274,gut Actinomyces oris,gut,Actinomyces oris
275,gut Adlercreutzia equolifaciens,gut,Adlercreutzia equolifaciens
276,gut Akkermansia muciniphila,gut,Akkermansia muciniphila
277,gut Akkermansia sp. CAG:344,gut,Akkermansia sp. CAG:344
278,gut Alistipes finegoldii,gut,Alistipes finegoldii
279,gut Alistipes ihumii,gut,Alistipes ihumii
280,gut Alistipes indistinctus,gut,Alistipes indistinctus
281,gut Alistipes inops == Tidjanibacter massiliensis,gut,Alistipes inops == Tidjanibacter massiliensis
282,gut Alistipes obesi,gut,Alistipes obesi
283,gut Alistipes onderdonkii,gut,Alistipes onderdonkii
284,gut Alistipes putredinis,gut,Alistipes putredinis
285,gut Alistipes senegalensis,gut,Alistipes senegalensis
286,gut Alistipes shahii,gut,Alistipes shahii
287,gut Alistipes sp. An31A,gut,Alistipes sp. An31A
288,gut Alistipes sp. CAG:268,gut,Alistipes sp. CAG:268
289,gut Alistipes sp. CAG:435,gut,Alistipes sp. CAG:435
290,gut Alistipes sp. CAG:514,gut,Alistipes sp. CAG:514
291,gut Alistipes timonensis,gut,Alistipes timonensis
292,gut Allisonella histaminiformans,gut,Allisonella histaminiformans
293,gut Anaerococcus obesiensis == vaginalis,gut,Anaerococcus obesiensis == vaginalis
294,gut Anaerofilum sp. An201,gut,Anaerofilum sp. An201
295,gut Anaeroglobus geminatus,gut,Anaeroglobus geminatus
296,gut Anaeromassilibacillus sp. An172,gut,Anaeromassilibacillus sp. An172
297,gut Anaeromassilibacillus sp. An250,gut,Anaeromassilibacillus sp. An250
298,gut Anaeromassilibacillus sp. Marseille-P3371 & Clostridia bacterium UC5.1-1E11,gut,Anaeromassilibacillus sp. Marseille-P3371 & Clostridia bacterium UC5.1-1E11
299,gut Anaerostipes caccae,gut,Anaerostipes caccae
300,gut Anaerostipes hadrus 1,gut,Anaerostipes hadrus 1
301,gut Anaerostipes hadrus 2,gut,Anaerostipes hadrus 2
302,gut Anaerotruncus colihominis,gut,Anaerotruncus colihominis
303,gut Anaerotruncus sp. CAG:528,gut,Anaerotruncus sp. CAG:528
304,gut Atopobium parvulum,gut,Atopobium parvulum
305,gut Atopobium parvulum 2,gut,Atopobium parvulum 2
306,gut Azospirillum sp. 51_20,gut,Azospirillum sp. 51_20
307,gut Azospirillum sp. CAG:239,gut,Azospirillum sp. CAG:239
308,gut Bacteroidales bacterium 55_9,gut,Bacteroidales bacterium 55_9
309,gut Bacteroidales bacterium H8 & H9 & Prevotella sp. CAG:279,gut,Bacteroidales bacterium H8 & H9 & Prevotella sp. CAG:279
310,gut Bacteroides caccae,gut,Bacteroides caccae
311,gut Bacteroides cellulosilyticus,gut,Bacteroides cellulosilyticus
312,gut Bacteroides clarus,gut,Bacteroides clarus
313,gut Bacteroides congonensis,gut,Bacteroides congonensis
314,gut Bacteroides coprocola,gut,Bacteroides coprocola
315,gut Bacteroides coprophilus,gut,Bacteroides coprophilus
316,gut Bacteroides dorei,gut,Bacteroides dorei
317,gut Bacteroides eggerthii,gut,Bacteroides eggerthii
318,gut Bacteroides faecis,gut,Bacteroides faecis
319,gut Bacteroides finegoldii,gut,Bacteroides finegoldii
320,gut Bacteroides fragilis 1,gut,Bacteroides fragilis 1
321,gut Bacteroides fragilis 2,gut,Bacteroides fragilis 2
322,gut Bacteroides massiliensis,gut,Bacteroides massiliensis
323,gut Bacteroides nordii,gut,Bacteroides nordii
324,gut Bacteroides ovatus,gut,Bacteroides ovatus
325,gut Bacteroides plebeius,gut,Bacteroides plebeius
326,gut Bacteroides salyersiae,gut,Bacteroides salyersiae
327,gut Bacteroides sp. An19 & An51A & An269 & An279 & CAG:702,gut,Bacteroides sp. An19 & An51A & An269 & An279 & CAG:702
328,gut Bacteroides sp. CAG:144,gut,Bacteroides sp. CAG:144
329,gut Bacteroides sp. CAG:709,gut,Bacteroides sp. CAG:709
330,gut Bacteroides sp. CAG:770,gut,Bacteroides sp. CAG:770
331,gut Bacteroides sp. Marseille-P3108 & CAG:633,gut,Bacteroides sp. Marseille-P3108 & CAG:633
332,gut Bacteroides sp. Marseille-P3166 & CAG:598,gut,Bacteroides sp. Marseille-P3166 & CAG:598
333,gut Bacteroides stercorirosoris,gut,Bacteroides stercorirosoris
334,gut Bacteroides stercoris,gut,Bacteroides stercoris
335,gut Bacteroides thetaiotaomicron,gut,Bacteroides thetaiotaomicron
336,gut Bacteroides uniformis,gut,Bacteroides uniformis
337,gut Bacteroides vulgatus,gut,Bacteroides vulgatus
338,gut Bacteroides xylanisolvens,gut,Bacteroides xylanisolvens
339,gut Barnesiella intestinihominis,gut,Barnesiella intestinihominis
340,gut Barnesiella sp. An22,gut,Barnesiella sp. An22
341,gut Bifidobacterium adolescentis,gut,Bifidobacterium adolescentis
342,gut Bifidobacterium angulatum,gut,Bifidobacterium angulatum
343,gut Bifidobacterium animalis,gut,Bifidobacterium animalis
344,gut Bifidobacterium bifidum,gut,Bifidobacterium bifidum
345,gut Bifidobacterium breve,gut,Bifidobacterium breve
346,gut Bifidobacterium catenulatum,gut,Bifidobacterium catenulatum
347,gut Bifidobacterium dentium,gut,Bifidobacterium dentium
348,gut Bifidobacterium longum,gut,Bifidobacterium longum
349,gut Bifidobacterium pseudocatenulatum,gut,Bifidobacterium pseudocatenulatum
350,gut Bifidobacterium scardovii,gut,Bifidobacterium scardovii
351,gut Bilophila wadsworthia,gut,Bilophila wadsworthia
352,gut Blautia hansenii,gut,Blautia hansenii
353,gut Blautia hydrogenotrophica,gut,Blautia hydrogenotrophica
354,gut Blautia massiliensis,gut,Blautia massiliensis
355,gut Blautia obeum,gut,Blautia obeum
356,gut Blautia producta,gut,Blautia producta
357,gut Blautia producta 2,gut,Blautia producta 2
358,gut Blautia sp. 2789STDY5608796 & sp. 2789STDY5608848,gut,Blautia sp. 2789STDY5608796 & sp. 2789STDY5608848
359,gut Blautia sp. 2789STDY5834862,gut,Blautia sp. 2789STDY5834862
360,gut Blautia sp. CAG:237,gut,Blautia sp. CAG:237
361,gut Blautia sp. CAG:257,gut,Blautia sp. CAG:257
362,gut Blautia sp. CAG:52 & sp. 2789STDY5834917,gut,Blautia sp. CAG:52 & sp. 2789STDY5834917
363,gut Blautia sp. Marseille-P3087 / Ruminococcus sp. 2789STDY5608882,gut,Blautia sp. Marseille-P3087 / Ruminococcus sp. 2789STDY5608882
364,gut Blautia wexlerae,gut,Blautia wexlerae
365,gut Butyricicoccus pullicaecorum,gut,Butyricicoccus pullicaecorum
366,gut Butyricicoccus sp. 2789STDY5834927 / Clostridia bacterium UC5.1-1D1,gut,Butyricicoccus sp. 2789STDY5834927 / Clostridia bacterium UC5.1-1D1
367,gut Butyricicoccus sp. N15.MGS-46 & N54.MGS-46 & K4410.MGS-46,gut,Butyricicoccus sp. N15.MGS-46 & N54.MGS-46 & K4410.MGS-46
368,gut Butyricimonas synergistica 2,gut,Butyricimonas synergistica 2
369,gut Butyricimonas virosa,gut,Butyricimonas virosa
370,gut Campylobacter concisus 2,gut,Campylobacter concisus 2
371,gut Catabacter hongkongensis,gut,Catabacter hongkongensis
372,gut Catenibacterium sp. CAG:290,gut,Catenibacterium sp. CAG:290
373,gut Christensenella minuta,gut,Christensenella minuta
374,gut Christensenellaceae bacterium Phil1 & Clostridium sp. CAG:226,gut,Christensenellaceae bacterium Phil1 & Clostridium sp. CAG:226
375,gut Cloacibacillus porcorum,gut,Cloacibacillus porcorum
376,gut Clostridia bacterium UC5.1-1D10 / Clostridium sp. CAG:505 / Firmicutes bacterium CAG:466,gut,Clostridia bacterium UC5.1-1D10 / Clostridium sp. CAG:505 / Firmicutes bacterium CAG:466
377,gut Clostridia bacterium UC5.1-2E3,gut,Clostridia bacterium UC5.1-2E3
378,gut Clostridiales bacterium 1_7_47FAA  & VE202-28,gut,Clostridiales bacterium 1_7_47FAA  & VE202-28
379,gut Clostridiales bacterium 41_21_two_genomes,gut,Clostridiales bacterium 41_21_two_genomes
380,gut Clostridiales bacterium UBA643,gut,Clostridiales bacterium UBA643
381,gut Clostridium asparagiforme == lavalense,gut,Clostridium asparagiforme == lavalense
382,gut Clostridium bolteae,gut,Clostridium bolteae
383,gut Clostridium butyricum,gut,Clostridium butyricum
384,gut Clostridium celatum,gut,Clostridium celatum
385,gut Clostridium citroniae,gut,Clostridium citroniae
386,gut Clostridium clostridioforme 1,gut,Clostridium clostridioforme 1
387,gut Clostridium clostridioforme 2,gut,Clostridium clostridioforme 2
388,gut Clostridium disporicum,gut,Clostridium disporicum
389,gut Clostridium glycyrrhizinilyticum,gut,Clostridium glycyrrhizinilyticum
390,gut Clostridium hylemonae,gut,Clostridium hylemonae
391,gut Clostridium innocuum,gut,Clostridium innocuum
392,gut Clostridium leptum,gut,Clostridium leptum
393,gut Clostridium neonatale,gut,Clostridium neonatale
394,gut Clostridium paraputrificum,gut,Clostridium paraputrificum
395,gut Clostridium perfringens,gut,Clostridium perfringens
396,gut Clostridium phoceensis,gut,Clostridium phoceensis
397,gut Clostridium saccharolyticum 2,gut,Clostridium saccharolyticum 2
398,gut Clostridium saudiense,gut,Clostridium saudiense
399,gut Clostridium scindens 1,gut,Clostridium scindens 1
400,gut Clostridium scindens 2,gut,Clostridium scindens 2
401,gut Clostridium sp. 2789STDY5608793,gut,Clostridium sp. 2789STDY5608793
402,gut Clostridium sp. 2789STDY5608831,gut,Clostridium sp. 2789STDY5608831
403,gut Clostridium sp. 2789STDY5608884,gut,Clostridium sp. 2789STDY5608884
404,gut Clostridium sp. 2789STDY5834874 & sp. 2789STDY5608885,gut,Clostridium sp. 2789STDY5834874 & sp. 2789STDY5608885
405,gut Clostridium sp. 2789STDY5834920,gut,Clostridium sp. 2789STDY5834920
406,gut Clostridium sp. 2789STDY5834924,gut,Clostridium sp. 2789STDY5834924
407,gut Clostridium sp. 27_14,gut,Clostridium sp. 27_14
408,gut Clostridium sp. 28_12 & CAG:356,gut,Clostridium sp. 28_12 & CAG:356
409,gut Clostridium sp. 28_17 & CAG:470,gut,Clostridium sp. 28_17 & CAG:470
410,gut Clostridium sp. 29_15 & CAG:265,gut,Clostridium sp. 29_15 & CAG:265
411,gut Clostridium sp. 42_12 & CAG:75,gut,Clostridium sp. 42_12 & CAG:75
412,gut Clostridium sp. AT4,gut,Clostridium sp. AT4
413,gut Clostridium sp. CAG:127,gut,Clostridium sp. CAG:127
414,gut Clostridium sp. CAG:138,gut,Clostridium sp. CAG:138
415,gut Clostridium sp. CAG:167,gut,Clostridium sp. CAG:167
416,gut Clostridium sp. CAG:169,gut,Clostridium sp. CAG:169
417,gut Clostridium sp. CAG:217,gut,Clostridium sp. CAG:217
418,gut Clostridium sp. CAG:221,gut,Clostridium sp. CAG:221
419,gut Clostridium sp. CAG:230,gut,Clostridium sp. CAG:230
420,gut Clostridium sp. CAG:245,gut,Clostridium sp. CAG:245
421,gut Clostridium sp. CAG:253,gut,Clostridium sp. CAG:253
422,gut Clostridium sp. CAG:269,gut,Clostridium sp. CAG:269
423,gut Clostridium sp. CAG:273,gut,Clostridium sp. CAG:273
424,gut Clostridium sp. CAG:288,gut,Clostridium sp. CAG:288
425,gut Clostridium sp. CAG:299,gut,Clostridium sp. CAG:299
426,gut Clostridium sp. CAG:302,gut,Clostridium sp. CAG:302
427,gut Clostridium sp. CAG:343,gut,Clostridium sp. CAG:343
428,gut Clostridium sp. CAG:352 / Ruminicoccus sp. 2789STDY5834969 & sp. 2789STDY5608859,gut,Clostridium sp. CAG:352 / Ruminicoccus sp. 2789STDY5834969 & sp. 2789STDY5608859
429,gut Clostridium sp. CAG:354_28_25,gut,Clostridium sp. CAG:354_28_25
430,gut Clostridium sp. CAG:389,gut,Clostridium sp. CAG:389
431,gut Clostridium sp. CAG:411,gut,Clostridium sp. CAG:411
432,gut Clostridium sp. CAG:43,gut,Clostridium sp. CAG:43
433,gut Clostridium sp. CAG:433,gut,Clostridium sp. CAG:433
434,gut Clostridium sp. CAG:440,gut,Clostridium sp. CAG:440
435,gut Clostridium sp. CAG:451,gut,Clostridium sp. CAG:451
436,gut Clostridium sp. CAG:465,gut,Clostridium sp. CAG:465
437,gut Clostridium sp. CAG:508,gut,Clostridium sp. CAG:508
438,gut Clostridium sp. CAG:524,gut,Clostridium sp. CAG:524
439,gut Clostridium sp. CAG:568,gut,Clostridium sp. CAG:568
440,gut Clostridium sp. CAG:575,gut,Clostridium sp. CAG:575
441,gut Clostridium sp. CAG:58,gut,Clostridium sp. CAG:58
442,gut Clostridium sp. CAG:62,gut,Clostridium sp. CAG:62
443,gut Clostridium sp. CAG:628,gut,Clostridium sp. CAG:628
444,gut Clostridium sp. CAG:7,gut,Clostridium sp. CAG:7
445,gut Clostridium sp. CAG:91 & sp. 2789STDY5834873,gut,Clostridium sp. CAG:91 & sp. 2789STDY5834873
446,gut Clostridium sp. CAG:914,gut,Clostridium sp. CAG:914
447,gut Clostridium sp. KLE 1755 & Clostridiales bacterium VE202-27,gut,Clostridium sp. KLE 1755 & Clostridiales bacterium VE202-27
448,gut Clostridium spiroforme,gut,Clostridium spiroforme
449,gut Clostridium symbiosum,gut,Clostridium symbiosum
450,gut Colibacter massiliensis,gut,Colibacter massiliensis
451,gut Collinsella aerofaciens,gut,Collinsella aerofaciens
452,gut Collinsella bouchesdurhonensis,gut,Collinsella bouchesdurhonensis
453,gut Collinsella intestinalis,gut,Collinsella intestinalis
454,gut Collinsella tanakaei,gut,Collinsella tanakaei
455,gut Coprobacillus cateniformis,gut,Coprobacillus cateniformis
456,gut Coprobacillus sp. 8_1_38FAA / Clostridium sp. 2789STDY5608874,gut,Coprobacillus sp. 8_1_38FAA / Clostridium sp. 2789STDY5608874
457,gut Coprobacter fastidiosus,gut,Coprobacter fastidiosus
458,gut Coprobacter secundus == Gabonia massiliensis,gut,Coprobacter secundus == Gabonia massiliensis
459,gut Coprococcus catus,gut,Coprococcus catus
460,gut Coprococcus comes,gut,Coprococcus comes
461,gut Coprococcus eutactus 1,gut,Coprococcus eutactus 1
462,gut Coprococcus eutactus 2,gut,Coprococcus eutactus 2
463,gut Coprococcus sp. 2789STDY5608819 / Clostridium sp. CAG:264,gut,Coprococcus sp. 2789STDY5608819 / Clostridium sp. CAG:264
464,gut Coprococcus sp. HPP0074 & HPP0048 / Lachnospiraceae bacterium 9_1_43BFAA & 6_1_37FAA,gut,Coprococcus sp. HPP0074 & HPP0048 / Lachnospiraceae bacterium 9_1_43BFAA & 6_1_37FAA
465,gut Cryptobacterium sp. CAG:338,gut,Cryptobacterium sp. CAG:338
466,gut Dakarella massiliensis,gut,Dakarella massiliensis
467,gut Desulfovibrio fairfieldensis,gut,Desulfovibrio fairfieldensis
468,gut Desulfovibrio piger,gut,Desulfovibrio piger
469,gut Desulfovibrio sp. 92-2,gut,Desulfovibrio sp. 92-2
470,gut Desulfovibrio sp. An276,gut,Desulfovibrio sp. An276
471,gut Dialister invisus,gut,Dialister invisus
472,gut Dialister sp. CAG:357,gut,Dialister sp. CAG:357
473,gut Dialister sp. CAG:486,gut,Dialister sp. CAG:486
474,gut Dialister succinatiphilus,gut,Dialister succinatiphilus
475,gut Dielma fastidiosa,gut,Dielma fastidiosa
476,gut Dorea formicigenerans,gut,Dorea formicigenerans
477,gut Dorea longicatena 1,gut,Dorea longicatena 1
478,gut Dorea longicatena 2,gut,Dorea longicatena 2
479,gut Dorea sp. CAG:105,gut,Dorea sp. CAG:105
480,gut Dorea sp. CAG:317,gut,Dorea sp. CAG:317
481,gut Drancourtella sp. An12 & An57,gut,Drancourtella sp. An12 & An57
482,gut Duodenibacillus massiliensis,gut,Duodenibacillus massiliensis
483,gut Eggerthella lenta,gut,Eggerthella lenta
484,gut Eggerthella sp. 51_9 & CAG:209,gut,Eggerthella sp. 51_9 & CAG:209
485,gut Eggerthella sp. CAG:298,gut,Eggerthella sp. CAG:298
486,gut Eggerthella sp. CAG:368,gut,Eggerthella sp. CAG:368
487,gut Eisenbergiella tayi,gut,Eisenbergiella tayi
488,gut Enterobacter cloacae complex 'Hoffmann cluster IV',gut,Enterobacter cloacae complex 'Hoffmann cluster IV'
489,gut Enterobacter kobei,gut,Enterobacter kobei
490,gut Enterobacter ludwigii,gut,Enterobacter ludwigii
491,gut Enterobacter xiangfangensis,gut,Enterobacter xiangfangensis
492,gut Enterococcus avium,gut,Enterococcus avium
493,gut Enterococcus faecalis,gut,Enterococcus faecalis
494,gut Enterococcus faecium,gut,Enterococcus faecium
495,gut Enterococcus gallinarum,gut,Enterococcus gallinarum
496,gut Erysipelatoclostridium ramosum,gut,Erysipelatoclostridium ramosum
497,gut Erysipelotrichaceae bacterium 3_1_53,gut,Erysipelotrichaceae bacterium 3_1_53
498,gut Erysipelotrichaceae bacterium 5_2_54FAA / Eubacterium sp. 3_1_31,gut,Erysipelotrichaceae bacterium 5_2_54FAA / Eubacterium sp. 3_1_31
499,gut Escherichia coli,gut,Escherichia coli
500,gut Eubacteriaceae bacterium CHKCI004 & Eubacterium sp. An3,gut,Eubacteriaceae bacterium CHKCI004 & Eubacterium sp. An3
501,gut Eubacterium dolichum,gut,Eubacterium dolichum
502,gut Eubacterium eligens,gut,Eubacterium eligens
503,gut Eubacterium hallii,gut,Eubacterium hallii
504,gut Eubacterium ramulus,gut,Eubacterium ramulus
505,gut Eubacterium rectale,gut,Eubacterium rectale
506,gut Eubacterium siraeum,gut,Eubacterium siraeum
507,gut Eubacterium sp. 36_13 & CAG:86,gut,Eubacterium sp. 36_13 & CAG:86
508,gut Eubacterium sp. 38_16 & CAG:146,gut,Eubacterium sp. 38_16 & CAG:146
509,gut Eubacterium sp. CAG:115,gut,Eubacterium sp. CAG:115
510,gut Eubacterium sp. CAG:156,gut,Eubacterium sp. CAG:156
511,gut Eubacterium sp. CAG:161,gut,Eubacterium sp. CAG:161
512,gut Eubacterium sp. CAG:180,gut,Eubacterium sp. CAG:180
513,gut Eubacterium sp. CAG:192,gut,Eubacterium sp. CAG:192
514,gut Eubacterium sp. CAG:248,gut,Eubacterium sp. CAG:248
515,gut Eubacterium sp. CAG:251 / Clostridium sp. A254.MGS-251,gut,Eubacterium sp. CAG:251 / Clostridium sp. A254.MGS-251
516,gut Eubacterium sp. CAG:252,gut,Eubacterium sp. CAG:252
517,gut Eubacterium sp. CAG:274,gut,Eubacterium sp. CAG:274
518,gut Eubacterium sp. CAG:38,gut,Eubacterium sp. CAG:38
519,gut Eubacterium ventriosum,gut,Eubacterium ventriosum
520,gut Faecalibacterium prausnitzii 1 (A2-165),gut,Faecalibacterium prausnitzii 1 (A2-165)
521,gut Faecalibacterium prausnitzii 2,gut,Faecalibacterium prausnitzii 2
522,gut Faecalibacterium prausnitzii 3 ( L2-6),gut,Faecalibacterium prausnitzii 3 ( L2-6)
523,gut Faecalibacterium prausnitzii 4 (cf. KLE1255),gut,Faecalibacterium prausnitzii 4 (cf. KLE1255)
524,gut Faecalibacterium prausnitzii 5,gut,Faecalibacterium prausnitzii 5
525,gut Faecalibacterium prausnitzii 6,gut,Faecalibacterium prausnitzii 6
526,gut Faecalibacterium prausnitzii 7,gut,Faecalibacterium prausnitzii 7
527,gut Faecalibacterium sp. CAG:74,gut,Faecalibacterium sp. CAG:74
528,gut Faecalibacterium sp. CAG:82,gut,Faecalibacterium sp. CAG:82
529,gut Faecalicatena contorta,gut,Faecalicatena contorta
530,gut Faecalicatena fissicatena,gut,Faecalicatena fissicatena
531,gut Faecalicoccus pleomorphus,gut,Faecalicoccus pleomorphus
532,gut Faecalitalea cylindroides,gut,Faecalitalea cylindroides
533,gut Faecalitalea sp. UBA637,gut,Faecalitalea sp. UBA637
534,gut Firmicutes bacterium CAG:102,gut,Firmicutes bacterium CAG:102
535,gut Firmicutes bacterium CAG:103,gut,Firmicutes bacterium CAG:103
536,gut Firmicutes bacterium CAG:110,gut,Firmicutes bacterium CAG:110
537,gut Firmicutes bacterium CAG:114,gut,Firmicutes bacterium CAG:114
538,gut Firmicutes bacterium CAG:124,gut,Firmicutes bacterium CAG:124
539,gut Firmicutes bacterium CAG:129,gut,Firmicutes bacterium CAG:129
540,gut Firmicutes bacterium CAG:145,gut,Firmicutes bacterium CAG:145
541,gut Firmicutes bacterium CAG:170,gut,Firmicutes bacterium CAG:170
542,gut Firmicutes bacterium CAG:176,gut,Firmicutes bacterium CAG:176
543,gut Firmicutes bacterium CAG:176_63_11,gut,Firmicutes bacterium CAG:176_63_11
544,gut Firmicutes bacterium CAG:194,gut,Firmicutes bacterium CAG:194
545,gut Firmicutes bacterium CAG:212 / Clostridium sp. 2789STDY5834871,gut,Firmicutes bacterium CAG:212 / Clostridium sp. 2789STDY5834871
546,gut Firmicutes bacterium CAG:227,gut,Firmicutes bacterium CAG:227
547,gut Firmicutes bacterium CAG:238,gut,Firmicutes bacterium CAG:238
548,gut Firmicutes bacterium CAG:24 / Clostridium sp. 2789STDY5834869 & 2789STDY5834922,gut,Firmicutes bacterium CAG:24 / Clostridium sp. 2789STDY5834869 & 2789STDY5834922
549,gut Firmicutes bacterium CAG:240,gut,Firmicutes bacterium CAG:240
550,gut Firmicutes bacterium CAG:272,gut,Firmicutes bacterium CAG:272
551,gut Firmicutes bacterium CAG:321,gut,Firmicutes bacterium CAG:321
552,gut Firmicutes bacterium CAG:341,gut,Firmicutes bacterium CAG:341
553,gut Firmicutes bacterium CAG:345,gut,Firmicutes bacterium CAG:345
554,gut Firmicutes bacterium CAG:41 / Clostridium sp. 2789STDY5834935 & sp. 2789STDY5608853,gut,Firmicutes bacterium CAG:41 / Clostridium sp. 2789STDY5834935 & sp. 2789STDY5608853
555,gut Firmicutes bacterium CAG:65 / Clostridium sp. 2789STDY5608883,gut,Firmicutes bacterium CAG:65 / Clostridium sp. 2789STDY5608883
556,gut Firmicutes bacterium CAG:83,gut,Firmicutes bacterium CAG:83
557,gut Firmicutes bacterium CAG:94,gut,Firmicutes bacterium CAG:94
558,gut Firmicutes bacterium CAG:95,gut,Firmicutes bacterium CAG:95
559,gut Flavonifractor plautii,gut,Flavonifractor plautii
560,gut Flavonifractor sp. 2789STDY5834895 & sp. 2789STDY5834937 /  Clostridium sp. 2789STDY5608878,gut,Flavonifractor sp. 2789STDY5834895 & sp. 2789STDY5834937 /  Clostridium sp. 2789STDY5608878
561,gut Flavonifractor sp. 2789STDY5834931,gut,Flavonifractor sp. 2789STDY5834931
562,gut Fusicatenibacter saccharivorans,gut,Fusicatenibacter saccharivorans
563,gut Fusobacterium mortiferum,gut,Fusobacterium mortiferum
564,gut Fusobacterium nucleatum subsp. animalis,gut,Fusobacterium nucleatum subsp. animalis
565,gut Fusobacterium nucleatum subsp. polymorphum,gut,Fusobacterium nucleatum subsp. polymorphum
566,gut Gemella sanguinis,gut,Gemella sanguinis
567,gut Gemmiger formicilis,gut,Gemmiger formicilis
568,gut Gordonibacter urolithinfaciens,gut,Gordonibacter urolithinfaciens
569,gut Granulicatella adiacens,gut,Granulicatella adiacens
570,gut Haemophilus parainfluenzae,gut,Haemophilus parainfluenzae
571,gut Holdemanella biformis,gut,Holdemanella biformis
572,gut Holdemania filiformis,gut,Holdemania filiformis
573,gut Holdemania massiliensis,gut,Holdemania massiliensis
574,gut Hungatella hathewayi 1,gut,Hungatella hathewayi 1
575,gut Hungatella hathewayi 2,gut,Hungatella hathewayi 2
576,gut Intestinibacter bartlettii,gut,Intestinibacter bartlettii
577,gut Intestinimonas butyriciproducens,gut,Intestinimonas butyriciproducens
578,gut Intestinimonas massiliensis,gut,Intestinimonas massiliensis
579,gut Klebsiella michiganensis 2,gut,Klebsiella michiganensis 2
580,gut Klebsiella oxytoca,gut,Klebsiella oxytoca
581,gut Klebsiella pneumoniae,gut,Klebsiella pneumoniae
582,gut Klebsiella quasipneumoniae,gut,Klebsiella quasipneumoniae
583,gut Klebsiella variicola,gut,Klebsiella variicola
584,gut Lachnoanaerobaculum saburreum,gut,Lachnoanaerobaculum saburreum
585,gut Lachnospira sp. 2789STDY5834967 / Clostridiales bacterium KLE1615 & 41_12_two_minus,gut,Lachnospira sp. 2789STDY5834967 / Clostridiales bacterium KLE1615 & 41_12_two_minus
586,gut Lachnospiraceae bacterium TF01-11 / Clostridium sp. CAG:122,gut,Lachnospiraceae bacterium TF01-11 / Clostridium sp. CAG:122
587,gut Lactobacillus acidophilus,gut,Lactobacillus acidophilus
588,gut Lactobacillus casei == paracasei,gut,Lactobacillus casei == paracasei
589,gut Lactobacillus crispatus,gut,Lactobacillus crispatus
590,gut Lactobacillus delbrueckii,gut,Lactobacillus delbrueckii
591,gut Lactobacillus fermentum,gut,Lactobacillus fermentum
592,gut Lactobacillus gasseri 1,gut,Lactobacillus gasseri 1
593,gut Lactobacillus gasseri 2,gut,Lactobacillus gasseri 2
594,gut Lactobacillus johnsonii,gut,Lactobacillus johnsonii
595,gut Lactobacillus mucosae,gut,Lactobacillus mucosae
596,gut Lactobacillus oris,gut,Lactobacillus oris
597,gut Lactobacillus reuteri,gut,Lactobacillus reuteri
598,gut Lactobacillus rogosae,gut,Lactobacillus rogosae
599,gut Lactobacillus ruminis,gut,Lactobacillus ruminis
600,gut Lactobacillus salivarius,gut,Lactobacillus salivarius
601,gut Lactobacillus vaginalis,gut,Lactobacillus vaginalis
602,gut Lactococcus lactis subsp. lactis,gut,Lactococcus lactis subsp. lactis
603,gut Leuconostoc mesenteroides,gut,Leuconostoc mesenteroides
604,gut Massiliomicrobiota sp. An80 & An105 & An134 & An142,gut,Massiliomicrobiota sp. An80 & An105 & An134 & An142
605,gut Massiliomicrobiota timonensis,gut,Massiliomicrobiota timonensis
606,gut Mediterranea massiliensis ,gut,Mediterranea massiliensis 
607,gut Megamonas funiformis == rupellensis,gut,Megamonas funiformis == rupellensis
608,gut Megasphaera elsdenii,gut,Megasphaera elsdenii
609,gut Megasphaera micronuciformis,gut,Megasphaera micronuciformis
610,gut Megasphaera sp. ASD88 & An286,gut,Megasphaera sp. ASD88 & An286
611,gut Merdimonas faecis,gut,Merdimonas faecis
612,gut Methanobrevibacter smithii 1,gut,Methanobrevibacter smithii 1
613,gut Methanobrevibacter smithii 2,gut,Methanobrevibacter smithii 2
614,gut Methanosphaera stadtmanae,gut,Methanosphaera stadtmanae
615,gut Mitsuokella jalaludinii,gut,Mitsuokella jalaludinii
616,gut Morganella morganii,gut,Morganella morganii
617,gut Negativibacillus massiliensis,gut,Negativibacillus massiliensis
618,gut Neglecta timonensis,gut,Neglecta timonensis
619,gut Odoribacter laneus,gut,Odoribacter laneus
620,gut Odoribacter splanchnicus,gut,Odoribacter splanchnicus
621,gut Olsenella sp. Marseille-P2300,gut,Olsenella sp. Marseille-P2300
622,gut Oscillibacter sp. 57_20,gut,Oscillibacter sp. 57_20
623,gut Oscillibacter sp. CAG:155,gut,Oscillibacter sp. CAG:155
624,gut Oscillibacter sp. CAG:241,gut,Oscillibacter sp. CAG:241
625,gut Oscillibacter sp. ER4 / Firmicutes bacterium CAG:129_59_24,gut,Oscillibacter sp. ER4 / Firmicutes bacterium CAG:129_59_24
626,gut Oscillibacter sp. KLE 1728 & KLE 1745 / Oscillospiraceae VE202-24,gut,Oscillibacter sp. KLE 1728 & KLE 1745 / Oscillospiraceae VE202-24
627,gut Parabacteroides distasonis,gut,Parabacteroides distasonis
628,gut Parabacteroides goldsteinii,gut,Parabacteroides goldsteinii
629,gut Parabacteroides johnsonii,gut,Parabacteroides johnsonii
630,gut Parabacteroides merdae,gut,Parabacteroides merdae
631,gut Paraprevotella clara,gut,Paraprevotella clara
632,gut Parasutterella excrementihominis,gut,Parasutterella excrementihominis
633,gut Parvimonas micra,gut,Parvimonas micra
634,gut Peptoniphilus lacrimalis,gut,Peptoniphilus lacrimalis
635,gut Peptoniphilus senegalensis,gut,Peptoniphilus senegalensis
636,gut Phascolarctobacterium sp. CAG:207,gut,Phascolarctobacterium sp. CAG:207
637,gut Phascolarctobacterium sp. CAG:266,gut,Phascolarctobacterium sp. CAG:266
638,gut Phascolarctobacterium succinatutens,gut,Phascolarctobacterium succinatutens
639,gut Phocea massiliensis,gut,Phocea massiliensis
640,gut Prevotella copri 1,gut,Prevotella copri 1
641,gut Prevotella copri 2,gut,Prevotella copri 2
642,gut Prevotella denticola,gut,Prevotella denticola
643,gut Prevotella sp. 885,gut,Prevotella sp. 885
644,gut Prevotella sp. CAG:1092,gut,Prevotella sp. CAG:1092
645,gut Prevotella sp. CAG:1320,gut,Prevotella sp. CAG:1320
646,gut Prevotella sp. CAG:386,gut,Prevotella sp. CAG:386
647,gut Prevotella sp. CAG:604,gut,Prevotella sp. CAG:604
648,gut Prevotella sp. CAG:732,gut,Prevotella sp. CAG:732
649,gut Prevotella sp. CAG:924,gut,Prevotella sp. CAG:924
650,gut Prevotella sp. KHD1 & AG:487_50_53 & CAG:487,gut,Prevotella sp. KHD1 & AG:487_50_53 & CAG:487
651,gut Prevotella sp. P4-51 & PA-67 & P5-64 & P5-108 & CAG:474,gut,Prevotella sp. P4-51 & PA-67 & P5-64 & P5-108 & CAG:474
652,gut Prevotella stercorea,gut,Prevotella stercorea
653,gut Prevotellamassilia timonensis,gut,Prevotellamassilia timonensis
654,gut Proteus mirabilis,gut,Proteus mirabilis
655,gut Pseudoflavonifractor capillosus,gut,Pseudoflavonifractor capillosus
656,gut Pseudoflavonifractor sp. An184,gut,Pseudoflavonifractor sp. An184
657,gut Raoultella ornithinolytica,gut,Raoultella ornithinolytica
658,gut Rhodospirillum sp. UNK.MGS-17 / Azospirillum sp. 47_25 & CAG:260,gut,Rhodospirillum sp. UNK.MGS-17 / Azospirillum sp. 47_25 & CAG:260
659,gut Romboutsia timonensis,gut,Romboutsia timonensis
660,gut Roseburia faecis,gut,Roseburia faecis
661,gut Roseburia hominis,gut,Roseburia hominis
662,gut Roseburia intestinalis,gut,Roseburia intestinalis
663,gut Roseburia inulinivorans,gut,Roseburia inulinivorans
664,gut Roseburia sp. CAG:100,gut,Roseburia sp. CAG:100
665,gut Roseburia sp. CAG:182,gut,Roseburia sp. CAG:182
666,gut Roseburia sp. CAG:197,gut,Roseburia sp. CAG:197
667,gut Roseburia sp. CAG:303,gut,Roseburia sp. CAG:303
668,gut Roseburia sp. CAG:380,gut,Roseburia sp. CAG:380
669,gut Roseburia sp. CAG:45 & sp. 2789STDY5608886,gut,Roseburia sp. CAG:45 & sp. 2789STDY5608886
670,gut Roseburia sp. CAG:471,gut,Roseburia sp. CAG:471
671,gut Ruminococcaceae bacterium D16,gut,Ruminococcaceae bacterium D16
672,gut Ruminococcaceae bacterium D5,gut,Ruminococcaceae bacterium D5
673,gut Ruminococcus bicirculans,gut,Ruminococcus bicirculans
674,gut Ruminococcus bromii 2,gut,Ruminococcus bromii 2
675,gut Ruminococcus callidus,gut,Ruminococcus callidus
676,gut Ruminococcus faecis,gut,Ruminococcus faecis
677,gut Ruminococcus gnavus,gut,Ruminococcus gnavus
678,gut Ruminococcus lactaris,gut,Ruminococcus lactaris
679,gut Ruminococcus sp. 2789STDY5608794 & sp. 2789STDY5834890 / Firmicutes bacterium CAG:56,gut,Ruminococcus sp. 2789STDY5608794 & sp. 2789STDY5834890 / Firmicutes bacterium CAG:56
680,gut Ruminococcus sp. 2789STDY5608817 / Eubacterium sp. 2789STDY5834872,gut,Ruminococcus sp. 2789STDY5608817 / Eubacterium sp. 2789STDY5834872
681,gut Ruminococcus sp. 37_24 & sp. 2789STDY5834934,gut,Ruminococcus sp. 37_24 & sp. 2789STDY5834934
682,gut Ruminococcus sp. A254.MGS-254 & CAG:254,gut,Ruminococcus sp. A254.MGS-254 & CAG:254
683,gut Ruminococcus sp. CAG:17 & Blautia sp. 2789STDY5608880,gut,Ruminococcus sp. CAG:17 & Blautia sp. 2789STDY5608880
684,gut Ruminococcus sp. CAG:177,gut,Ruminococcus sp. CAG:177
685,gut Ruminococcus sp. CAG:330,gut,Ruminococcus sp. CAG:330
686,gut Ruminococcus sp. CAG:382,gut,Ruminococcus sp. CAG:382
687,gut Ruminococcus sp. CAG:403,gut,Ruminococcus sp. CAG:403
688,gut Ruminococcus sp. CAG:60 / Blautia sp. 2789STDY5608836,gut,Ruminococcus sp. CAG:60 / Blautia sp. 2789STDY5608836
689,gut Ruminococcus sp. JC304,gut,Ruminococcus sp. JC304
690,gut Ruminococcus sp. Marseille-P328 / Blautia sp. 2789STDY5608844 & sp. 2789STDY5608844,gut,Ruminococcus sp. Marseille-P328 / Blautia sp. 2789STDY5608844 & sp. 2789STDY5608844
691,gut Ruminococcus sp. UNK.MGS-30,gut,Ruminococcus sp. UNK.MGS-30
692,gut Ruminococcus torques,gut,Ruminococcus torques
693,gut Ruthenibacterium lactatiformans,gut,Ruthenibacterium lactatiformans
694,gut Sellimonas intestinalis == Drancourtella massiliensis,gut,Sellimonas intestinalis == Drancourtella massiliensis
695,gut Senegalimassilia anaerobia,gut,Senegalimassilia anaerobia
696,gut Slackia exigua,gut,Slackia exigua
697,gut Slackia piriformis,gut,Slackia piriformis
698,gut Solobacterium moorei,gut,Solobacterium moorei
699,gut Streptococcus anginosus,gut,Streptococcus anginosus
700,gut Streptococcus australis,gut,Streptococcus australis
701,gut Streptococcus gordonii,gut,Streptococcus gordonii
702,gut Streptococcus infantarius,gut,Streptococcus infantarius
703,gut Streptococcus infantis,gut,Streptococcus infantis
704,gut Streptococcus lutetiensis,gut,Streptococcus lutetiensis
705,gut Streptococcus mitis,gut,Streptococcus mitis
706,gut Streptococcus mutans,gut,Streptococcus mutans
707,gut Streptococcus oralis,gut,Streptococcus oralis
708,gut Streptococcus parasanguinis,gut,Streptococcus parasanguinis
709,gut Streptococcus pasteurianus,gut,Streptococcus pasteurianus
710,gut Streptococcus salivarius,gut,Streptococcus salivarius
711,gut Streptococcus sanguinis,gut,Streptococcus sanguinis
712,gut Streptococcus thermophilus,gut,Streptococcus thermophilus
713,gut Streptococcus vestibularis,gut,Streptococcus vestibularis
714,gut Subdoligranulum sp. CAG:314,gut,Subdoligranulum sp. CAG:314
715,gut Succinatimonas hippei,gut,Succinatimonas hippei
716,gut Succinatimonas sp. CAG:777,gut,Succinatimonas sp. CAG:777
717,gut Sutterella wadsworthensis 1,gut,Sutterella wadsworthensis 1
718,gut Sutterella wadsworthensis 2,gut,Sutterella wadsworthensis 2
719,gut Turicibacter sanguinis 1,gut,Turicibacter sanguinis 1
720,gut Turicibacter sanguinis 2,gut,Turicibacter sanguinis 2
721,gut Tyzzerella nexilis,gut,Tyzzerella nexilis
722,gut Veillonella atypica,gut,Veillonella atypica
723,gut Veillonella dispar,gut,Veillonella dispar
724,gut Veillonella parvula,gut,Veillonella parvula
725,gut Veillonella sp. oral taxon 158,gut,Veillonella sp. oral taxon 158
726,gut Veillonella tobetsuensis,gut,Veillonella tobetsuensis
727,gut Weissella cibaria,gut,Weissella cibaria
728,gut [Staphylococcus] sp. CAG:324,gut,[Staphylococcus] sp. CAG:324
729,gut bacterium LF-3 / Coprobacillus sp. CAG:235,gut,bacterium LF-3 / Coprobacillus sp. CAG:235
730,gut bacterium OL-1,gut,bacterium OL-1
731,gut butyrate-producing bacterium SS3/4 - Clostridium sp. CAG:81,gut,butyrate-producing bacterium SS3/4 - Clostridium sp. CAG:81
732,gut unclassified,gut,unclassified
733,gut unclassified Actinobacteria,gut,unclassified Actinobacteria
734,gut unclassified Alistipes,gut,unclassified Alistipes
735,gut unclassified Bacteroidales,gut,unclassified Bacteroidales
736,gut unclassified Bacteroides,gut,unclassified Bacteroides
737,gut unclassified Bilophila,gut,unclassified Bilophila
738,gut unclassified Blautia,gut,unclassified Blautia
739,gut unclassified Burkholderiales,gut,unclassified Burkholderiales
740,gut unclassified Butyricicoccus,gut,unclassified Butyricicoccus
741,gut unclassified Butyricimonas,gut,unclassified Butyricimonas
742,gut unclassified Cloacibacillus,gut,unclassified Cloacibacillus
743,gut unclassified Clostridia,gut,unclassified Clostridia
744,gut unclassified Clostridiales,gut,unclassified Clostridiales
745,gut unclassified Clostridium,gut,unclassified Clostridium
746,gut unclassified Collinsella,gut,unclassified Collinsella
747,gut unclassified Coprococcus,gut,unclassified Coprococcus
748,gut unclassified Desulfovibrionales,gut,unclassified Desulfovibrionales
749,gut unclassified Eggerthella,gut,unclassified Eggerthella
750,gut unclassified Eggerthellaceae,gut,unclassified Eggerthellaceae
751,gut unclassified Erysipelatoclostridium,gut,unclassified Erysipelatoclostridium
752,gut unclassified Erysipelotrichaceae,gut,unclassified Erysipelotrichaceae
753,gut unclassified Eubacterium,gut,unclassified Eubacterium
754,gut unclassified Faecalibacterium,gut,unclassified Faecalibacterium
755,gut unclassified Faecalitalea,gut,unclassified Faecalitalea
756,gut unclassified Firmicutes,gut,unclassified Firmicutes
757,gut unclassified Flavonifractor,gut,unclassified Flavonifractor
758,gut unclassified Gemmiger,gut,unclassified Gemmiger
759,gut unclassified Gordonibacter,gut,unclassified Gordonibacter
760,gut unclassified Intestinibacter,gut,unclassified Intestinibacter
761,gut unclassified Intestinimonas,gut,unclassified Intestinimonas
762,gut unclassified Lachnoclostridium,gut,unclassified Lachnoclostridium
763,gut unclassified Lachnospiraceae,gut,unclassified Lachnospiraceae
764,gut unclassified Lactobacillus,gut,unclassified Lactobacillus
765,gut unclassified Libanicoccus,gut,unclassified Libanicoccus
766,gut unclassified Marvinbryantia,gut,unclassified Marvinbryantia
767,gut unclassified Niameybacter,gut,unclassified Niameybacter
768,gut unclassified Olsenella,gut,unclassified Olsenella
769,gut unclassified Oscillibacter,gut,unclassified Oscillibacter
770,gut unclassified Parabacteroides,gut,unclassified Parabacteroides
771,gut unclassified Paraprevotella,gut,unclassified Paraprevotella
772,gut unclassified Porphyromonas,gut,unclassified Porphyromonas
773,gut unclassified Prevotella,gut,unclassified Prevotella
774,gut unclassified Prevotellaceae,gut,unclassified Prevotellaceae
775,gut unclassified Roseburia,gut,unclassified Roseburia
776,gut unclassified Ruminiclostridium,gut,unclassified Ruminiclostridium
777,gut unclassified Ruminococcaceae,gut,unclassified Ruminococcaceae
778,gut unclassified Ruminococcus,gut,unclassified Ruminococcus
779,gut unclassified Sutterella,gut,unclassified Sutterella
780,gut unclassified Verrucomicrobia,gut,unclassified Verrucomicrobia
781,oral Abiotrophia defectiva,oral,Abiotrophia defectiva
782,oral Actinobaculum sp. oral taxon 183,oral,Actinobaculum sp. oral taxon 183
783,oral Actinomyces bouchesdurhonensis,oral,Actinomyces bouchesdurhonensis
784,oral Actinomyces cardiffensis,oral,Actinomyces cardiffensis
785,oral Actinomyces dentalis,oral,Actinomyces dentalis
786,oral Actinomyces georgiae,oral,Actinomyces georgiae
787,oral Actinomyces gerencseriae,oral,Actinomyces gerencseriae
788,oral Actinomyces graevenitzii,oral,Actinomyces graevenitzii
789,oral Actinomyces israelii,oral,Actinomyces israelii
790,oral Actinomyces johnsonii,oral,Actinomyces johnsonii
791,oral Actinomyces marseillensis,oral,Actinomyces marseillensis
792,oral Actinomyces massiliensis,oral,Actinomyces massiliensis
793,oral Actinomyces meyeri,oral,Actinomyces meyeri
794,oral Actinomyces naeslundii,oral,Actinomyces naeslundii
795,oral Actinomyces odontolyticus 2,oral,Actinomyces odontolyticus 2
796,oral Actinomyces oris,oral,Actinomyces oris
797,oral Actinomyces oris 2,oral,Actinomyces oris 2
798,oral Actinomyces oris 3,oral,Actinomyces oris 3
799,oral Actinomyces oris 4,oral,Actinomyces oris 4
800,oral Actinomyces radicidentis,oral,Actinomyces radicidentis
801,oral Actinomyces sp. ICM47,oral,Actinomyces sp. ICM47
802,oral Actinomyces sp. Marseille-P3109,oral,Actinomyces sp. Marseille-P3109
803,oral Actinomyces sp. S2_006_000_R1_54,oral,Actinomyces sp. S2_006_000_R1_54
804,oral Actinomyces sp. S6-Spd3,oral,Actinomyces sp. S6-Spd3
805,oral Actinomyces sp. oral taxon 170,oral,Actinomyces sp. oral taxon 170
806,oral Actinomyces sp. oral taxon 172 & sp. ICM58,oral,Actinomyces sp. oral taxon 172 & sp. ICM58
807,oral Actinomyces sp. oral taxon 181,oral,Actinomyces sp. oral taxon 181
808,oral Actinomyces sp. oral taxon 414,oral,Actinomyces sp. oral taxon 414
809,oral Actinomyces sp. oral taxon 448,oral,Actinomyces sp. oral taxon 448
810,oral Actinomyces sp. oral taxon 848 /  Actinomycetaceae bacterium BA112,oral,Actinomyces sp. oral taxon 848 /  Actinomycetaceae bacterium BA112
811,oral Actinomyces sp. oral taxon 897,oral,Actinomyces sp. oral taxon 897
812,oral Aggregatibacter aphrophilus,oral,Aggregatibacter aphrophilus
813,oral Aggregatibacter segnis,oral,Aggregatibacter segnis
814,oral Aggregatibacter sp. oral taxon 458,oral,Aggregatibacter sp. oral taxon 458
815,oral Alloprevotella rava,oral,Alloprevotella rava
816,oral Alloprevotella tannerae,oral,Alloprevotella tannerae
817,oral Alloscardovia omnicolens,oral,Alloscardovia omnicolens
818,oral Anaeroglobus geminatus,oral,Anaeroglobus geminatus
819,oral Anaerolineaceae bacterium oral taxon 439 W11661 / Chloroflexi bacterium oral taxon 439,oral,Anaerolineaceae bacterium oral taxon 439 W11661 / Chloroflexi bacterium oral taxon 439
820,oral Atopobium parvulum,oral,Atopobium parvulum
821,oral Atopobium parvulum 2,oral,Atopobium parvulum 2
822,oral Atopobium rimae,oral,Atopobium rimae
823,oral Atopobium sp. oral taxon 199,oral,Atopobium sp. oral taxon 199
824,oral Atopobium sp. oral taxon 810,oral,Atopobium sp. oral taxon 810
825,oral Bacteroides heparinolyticus,oral,Bacteroides heparinolyticus
826,oral Bacteroidetes oral taxon 274,oral,Bacteroidetes oral taxon 274
827,oral Bifidobacterium animalis,oral,Bifidobacterium animalis
828,oral Bifidobacterium breve,oral,Bifidobacterium breve
829,oral Bifidobacterium dentium,oral,Bifidobacterium dentium
830,oral Bifidobacterium longum,oral,Bifidobacterium longum
831,oral Bifidobacterium scardovii,oral,Bifidobacterium scardovii
832,oral Bradyrhizobium elkanii,oral,Bradyrhizobium elkanii
833,oral Bulleidia extructa,oral,Bulleidia extructa
834,oral Campylobacter concisus 2,oral,Campylobacter concisus 2
835,oral Campylobacter concisus 3,oral,Campylobacter concisus 3
836,oral Campylobacter curvus,oral,Campylobacter curvus
837,oral Campylobacter gracilis,oral,Campylobacter gracilis
838,oral Campylobacter rectus,oral,Campylobacter rectus
839,oral Campylobacter showae,oral,Campylobacter showae
840,oral Candida albicans,oral,Candida albicans
841,oral Candida dubliniensis,oral,Candida dubliniensis
842,oral Candidatus Gracilibacteria bacterium GN02-872,oral,Candidatus Gracilibacteria bacterium GN02-872
843,oral Candidatus Gracilibacteria bacterium GN02-873,oral,Candidatus Gracilibacteria bacterium GN02-873
844,oral Capnocytophaga gingivalis,oral,Capnocytophaga gingivalis
845,oral Capnocytophaga granulosa,oral,Capnocytophaga granulosa
846,oral Capnocytophaga haemolytica,oral,Capnocytophaga haemolytica
847,oral Capnocytophaga leadbetteri,oral,Capnocytophaga leadbetteri
848,oral Capnocytophaga ochracea,oral,Capnocytophaga ochracea
849,oral Capnocytophaga sp. oral taxon 326 & sp. ChDC OS43,oral,Capnocytophaga sp. oral taxon 326 & sp. ChDC OS43
850,oral Capnocytophaga sp. oral taxon 332,oral,Capnocytophaga sp. oral taxon 332
851,oral Capnocytophaga sp. oral taxon 338,oral,Capnocytophaga sp. oral taxon 338
852,oral Capnocytophaga sp. oral taxon 863,oral,Capnocytophaga sp. oral taxon 863
853,oral Capnocytophaga sputigena,oral,Capnocytophaga sputigena
854,oral Cardiobacterium hominis,oral,Cardiobacterium hominis
855,oral Cardiobacterium valvarum,oral,Cardiobacterium valvarum
856,oral Carnobacterium maltaromaticum,oral,Carnobacterium maltaromaticum
857,oral Catonella morbi,oral,Catonella morbi
858,oral Centipeda periodontii,oral,Centipeda periodontii
859,oral Colibacter massiliensis,oral,Colibacter massiliensis
860,oral Corynebacterium durum,oral,Corynebacterium durum
861,oral Corynebacterium matruchotii,oral,Corynebacterium matruchotii
862,oral Cryptobacterium curtum,oral,Cryptobacterium curtum
863,oral Cutibacterium acnes,oral,Cutibacterium acnes
864,oral Desulfobulbus sp. ORNL & sp. oral taxon 041,oral,Desulfobulbus sp. ORNL & sp. oral taxon 041
865,oral Desulfomicrobium orale,oral,Desulfomicrobium orale
866,oral Desulfovibrio sp. Dsv1,oral,Desulfovibrio sp. Dsv1
867,oral Dialister invisus,oral,Dialister invisus
868,oral Dialister micraerophilus,oral,Dialister micraerophilus
869,oral Dialister pneumosintes,oral,Dialister pneumosintes
870,oral Eggerthia catenaformis,oral,Eggerthia catenaformis
871,oral Eikenella corrodens,oral,Eikenella corrodens
872,oral Enterobacter cancerogenus,oral,Enterobacter cancerogenus
873,oral Enterobacter xiangfangensis,oral,Enterobacter xiangfangensis
874,oral Escherichia coli,oral,Escherichia coli
875,oral Filifactor alocis,oral,Filifactor alocis
876,oral Fretibacterium fastidiosum,oral,Fretibacterium fastidiosum
877,oral Fusobacterium nucleatum subsp. animalis,oral,Fusobacterium nucleatum subsp. animalis
878,oral Fusobacterium nucleatum subsp. polymorphum,oral,Fusobacterium nucleatum subsp. polymorphum
879,oral Fusobacterium nucleatum subsp. vincentii,oral,Fusobacterium nucleatum subsp. vincentii
880,oral Fusobacterium periodonticum,oral,Fusobacterium periodonticum
881,oral Gardnerella vaginalis,oral,Gardnerella vaginalis
882,oral Gardnerella vaginalis 4,oral,Gardnerella vaginalis 4
883,oral Gemella haemolysans,oral,Gemella haemolysans
884,oral Gemella morbillorum,oral,Gemella morbillorum
885,oral Gemella sanguinis,oral,Gemella sanguinis
886,oral Granulicatella adiacens,oral,Granulicatella adiacens
887,oral Granulicatella elegans,oral,Granulicatella elegans
888,oral Haemophilus aegyptius,oral,Haemophilus aegyptius
889,oral Haemophilus haemolyticus,oral,Haemophilus haemolyticus
890,oral Haemophilus parahaemolyticus,oral,Haemophilus parahaemolyticus
891,oral Haemophilus parainfluenzae,oral,Haemophilus parainfluenzae
892,oral Haemophilus sputorum,oral,Haemophilus sputorum
893,oral Homo sapiens,oral,Homo sapiens
894,oral Isoptericola variabilis 2,oral,Isoptericola variabilis 2
895,oral Jonquetella anthropi,oral,Jonquetella anthropi
896,oral Kingella denitrificans,oral,Kingella denitrificans
897,oral Kingella oralis,oral,Kingella oralis
898,oral Klebsiella pneumoniae,oral,Klebsiella pneumoniae
899,oral Kytococcus sedentarius,oral,Kytococcus sedentarius
900,oral Lachnoanaerobaculum saburreum,oral,Lachnoanaerobaculum saburreum
901,oral Lachnoanaerobaculum sp. ICM7,oral,Lachnoanaerobaculum sp. ICM7
902,oral Lachnoanaerobaculum umeaense,oral,Lachnoanaerobaculum umeaense
903,oral Lachnospiraceae bacterium oral taxon 096,oral,Lachnospiraceae bacterium oral taxon 096
904,oral Lachnospiraceae bacterium oral taxon 500,oral,Lachnospiraceae bacterium oral taxon 500
905,oral Lactobacillus casei == paracasei,oral,Lactobacillus casei == paracasei
906,oral Lactobacillus crispatus,oral,Lactobacillus crispatus
907,oral Lactobacillus fermentum,oral,Lactobacillus fermentum
908,oral Lactobacillus gasseri 1,oral,Lactobacillus gasseri 1
909,oral Lactobacillus gasseri 2,oral,Lactobacillus gasseri 2
910,oral Lactobacillus mucosae,oral,Lactobacillus mucosae
911,oral Lactobacillus oris,oral,Lactobacillus oris
912,oral Lactobacillus plantarum,oral,Lactobacillus plantarum
913,oral Lactobacillus rhamnosus,oral,Lactobacillus rhamnosus
914,oral Lactobacillus salivarius,oral,Lactobacillus salivarius
915,oral Lactobacillus vaginalis,oral,Lactobacillus vaginalis
916,oral Lactococcus lactis subsp. cremoris,oral,Lactococcus lactis subsp. cremoris
917,oral Lactococcus lactis subsp. lactis,oral,Lactococcus lactis subsp. lactis
918,oral Lautropia mirabilis,oral,Lautropia mirabilis
919,oral Leptotrichia buccalis,oral,Leptotrichia buccalis
920,oral Leptotrichia goodfellowii,oral,Leptotrichia goodfellowii
921,oral Leptotrichia hofstadii,oral,Leptotrichia hofstadii
922,oral Leptotrichia massiliensis,oral,Leptotrichia massiliensis
923,oral Leptotrichia shahii,oral,Leptotrichia shahii
924,oral Leptotrichia sp. oral taxon 212,oral,Leptotrichia sp. oral taxon 212
925,oral Leptotrichia sp. oral taxon 215,oral,Leptotrichia sp. oral taxon 215
926,oral Leptotrichia sp. oral taxon 498,oral,Leptotrichia sp. oral taxon 498
927,oral Leptotrichia trevisanii,oral,Leptotrichia trevisanii
928,oral Leptotrichia wadei,oral,Leptotrichia wadei
929,oral Megasphaera micronuciformis,oral,Megasphaera micronuciformis
930,oral Mitsuokella sp. oral taxon 131,oral,Mitsuokella sp. oral taxon 131
931,oral Mogibacterium diversum,oral,Mogibacterium diversum
932,oral Mogibacterium timidum,oral,Mogibacterium timidum
933,oral Mycoplasma salivarium,oral,Mycoplasma salivarium
934,oral Neisseria bacilliformis,oral,Neisseria bacilliformis
935,oral Neisseria cinerea,oral,Neisseria cinerea
936,oral Neisseria elongata subsp. glycolytica,oral,Neisseria elongata subsp. glycolytica
937,oral Neisseria flavescens,oral,Neisseria flavescens
938,oral Neisseria meningitidis,oral,Neisseria meningitidis
939,oral Neisseria mucosa 2,oral,Neisseria mucosa 2
940,oral Neisseria sp. oral taxon 014,oral,Neisseria sp. oral taxon 014
941,oral Neisseria sp. oral taxon 020,oral,Neisseria sp. oral taxon 020
942,oral Olsenella phocaeensis,oral,Olsenella phocaeensis
943,oral Olsenella profusa,oral,Olsenella profusa
944,oral Olsenella sp. oral taxon 807,oral,Olsenella sp. oral taxon 807
945,oral Olsenella uli,oral,Olsenella uli
946,oral Oribacterium asaccharolyticum,oral,Oribacterium asaccharolyticum
947,oral Oribacterium parvum,oral,Oribacterium parvum
948,oral Oribacterium sinus,oral,Oribacterium sinus
949,oral Oribacterium sp. oral taxon 078,oral,Oribacterium sp. oral taxon 078
950,oral Ottowia sp. Marseille-P4747 & sp. oral taxon 894,oral,Ottowia sp. Marseille-P4747 & sp. oral taxon 894
951,oral Parascardovia denticolens,oral,Parascardovia denticolens
952,oral Parvimonas micra,oral,Parvimonas micra
953,oral Peptoanaerobacter stomatis,oral,Peptoanaerobacter stomatis
954,oral Peptoniphilus lacrimalis,oral,Peptoniphilus lacrimalis
955,oral Peptostreptococcaceae bacterium oral taxon 113,oral,Peptostreptococcaceae bacterium oral taxon 113
956,oral Peptostreptococcus stomatis,oral,Peptostreptococcus stomatis
957,oral Phocaeicola abscessus,oral,Phocaeicola abscessus
958,oral Porphyromonas catoniae,oral,Porphyromonas catoniae
959,oral Porphyromonas endodontalis,oral,Porphyromonas endodontalis
960,oral Porphyromonas gingivalis,oral,Porphyromonas gingivalis
961,oral Porphyromonas sp. oral taxon 278,oral,Porphyromonas sp. oral taxon 278
962,oral Porphyromonas sp. oral taxon 279,oral,Porphyromonas sp. oral taxon 279
963,oral Porphyromonas uenonis,oral,Porphyromonas uenonis
964,oral Prevotella baroniae,oral,Prevotella baroniae
965,oral Prevotella buccae,oral,Prevotella buccae
966,oral Prevotella dentalis == [Hallella] seregens,oral,Prevotella dentalis == [Hallella] seregens
967,oral Prevotella denticola,oral,Prevotella denticola
968,oral Prevotella histicola,oral,Prevotella histicola
969,oral Prevotella intermedia,oral,Prevotella intermedia
970,oral Prevotella jejuni,oral,Prevotella jejuni
971,oral Prevotella loescheii,oral,Prevotella loescheii
972,oral Prevotella maculosa,oral,Prevotella maculosa
973,oral Prevotella marshii,oral,Prevotella marshii
974,oral Prevotella melaninogenica,oral,Prevotella melaninogenica
975,oral Prevotella micans,oral,Prevotella micans
976,oral Prevotella multiformis,oral,Prevotella multiformis
977,oral Prevotella multisaccharivorax,oral,Prevotella multisaccharivorax
978,oral Prevotella nanceiensis,oral,Prevotella nanceiensis
979,oral Prevotella nigrescens,oral,Prevotella nigrescens
980,oral Prevotella oralis,oral,Prevotella oralis
981,oral Prevotella oris,oral,Prevotella oris
982,oral Prevotella oulorum,oral,Prevotella oulorum
983,oral Prevotella pallens,oral,Prevotella pallens
984,oral Prevotella pleuritidis,oral,Prevotella pleuritidis
985,oral Prevotella saccharolytica,oral,Prevotella saccharolytica
986,oral Prevotella salivae,oral,Prevotella salivae
987,oral Prevotella scopos,oral,Prevotella scopos
988,oral Prevotella shahii,oral,Prevotella shahii
989,oral Prevotella sp. F0091,oral,Prevotella sp. F0091
990,oral Prevotella sp. HJM029,oral,Prevotella sp. HJM029
991,oral Prevotella sp. oral taxon 306,oral,Prevotella sp. oral taxon 306
992,oral Prevotella sp. oral taxon 317,oral,Prevotella sp. oral taxon 317
993,oral Prevotella sp. oral taxon 473,oral,Prevotella sp. oral taxon 473
994,oral Prevotella veroralis,oral,Prevotella veroralis
995,oral Propionibacterium acidifaciens,oral,Propionibacterium acidifaciens
996,oral Pseudomonas aeruginosa,oral,Pseudomonas aeruginosa
997,oral Pseudopropionibacterium propionicum,oral,Pseudopropionibacterium propionicum
998,oral Pseudoramibacter alactolyticus,oral,Pseudoramibacter alactolyticus
999,oral Pyramidobacter piscolens,oral,Pyramidobacter piscolens
1000,oral Rothia aeria,oral,Rothia aeria
1001,oral Rothia dentocariosa,oral,Rothia dentocariosa
1002,oral Rothia mucilaginosa 1,oral,Rothia mucilaginosa 1
1003,oral Rothia mucilaginosa 2,oral,Rothia mucilaginosa 2
1004,oral Rothia sp. HMSC069C03 & sp. HMSC061E04,oral,Rothia sp. HMSC069C03 & sp. HMSC061E04
1005,oral SR1 bacterium human oral taxon HOT-345,oral,SR1 bacterium human oral taxon HOT-345
1006,oral Sanguibacter keddieii,oral,Sanguibacter keddieii
1007,oral Scardovia inopinata,oral,Scardovia inopinata
1008,oral Scardovia wiggsiae,oral,Scardovia wiggsiae
1009,oral Selenomonas artemidis,oral,Selenomonas artemidis
1010,oral Selenomonas flueggei,oral,Selenomonas flueggei
1011,oral Selenomonas infelix,oral,Selenomonas infelix
1012,oral Selenomonas massiliensis,oral,Selenomonas massiliensis
1013,oral Selenomonas noxia,oral,Selenomonas noxia
1014,oral Selenomonas sp. F0473,oral,Selenomonas sp. F0473
1015,oral Selenomonas sp. Marseille-P3560 & sp. oral taxon 149,oral,Selenomonas sp. Marseille-P3560 & sp. oral taxon 149
1016,oral Selenomonas sp. oral taxon 126,oral,Selenomonas sp. oral taxon 126
1017,oral Selenomonas sp. oral taxon 138,oral,Selenomonas sp. oral taxon 138
1018,oral Selenomonas sp. oral taxon 892,oral,Selenomonas sp. oral taxon 892
1019,oral Selenomonas sp. oral taxon 920,oral,Selenomonas sp. oral taxon 920
1020,oral Selenomonas sputigena,oral,Selenomonas sputigena
1021,oral Shuttleworthia satelles,oral,Shuttleworthia satelles
1022,oral Slackia exigua,oral,Slackia exigua
1023,oral Solobacterium moorei,oral,Solobacterium moorei
1024,oral Staphylococcus aureus,oral,Staphylococcus aureus
1025,oral Staphylococcus pasteuri 2,oral,Staphylococcus pasteuri 2
1026,oral Stomatobaculum longum,oral,Stomatobaculum longum
1027,oral Streptococcus anginosus,oral,Streptococcus anginosus
1028,oral Streptococcus australis,oral,Streptococcus australis
1029,oral Streptococcus constellatus subsp. pharyngis,oral,Streptococcus constellatus subsp. pharyngis
1030,oral Streptococcus cristatus,oral,Streptococcus cristatus
1031,oral Streptococcus gordonii,oral,Streptococcus gordonii
1032,oral Streptococcus gordonii 2,oral,Streptococcus gordonii 2
1033,oral Streptococcus infantis 2,oral,Streptococcus infantis 2
1034,oral Streptococcus infantis 3,oral,Streptococcus infantis 3
1035,oral Streptococcus intermedius,oral,Streptococcus intermedius
1036,oral Streptococcus mitis,oral,Streptococcus mitis
1037,oral Streptococcus mutans,oral,Streptococcus mutans
1038,oral Streptococcus oralis,oral,Streptococcus oralis
1039,oral Streptococcus parasanguinis,oral,Streptococcus parasanguinis
1040,oral Streptococcus peroris,oral,Streptococcus peroris
1041,oral Streptococcus pneumoniae,oral,Streptococcus pneumoniae
1042,oral Streptococcus salivarius,oral,Streptococcus salivarius
1043,oral Streptococcus salivarius 2,oral,Streptococcus salivarius 2
1044,oral Streptococcus sanguinis,oral,Streptococcus sanguinis
1045,oral Streptococcus sinensis,oral,Streptococcus sinensis
1046,oral Streptococcus sp. F0442,oral,Streptococcus sp. F0442
1047,oral Streptococcus thermophilus,oral,Streptococcus thermophilus
1048,oral Streptococcus timonensis,oral,Streptococcus timonensis
1049,oral Streptococcus vestibularis,oral,Streptococcus vestibularis
1050,oral Tannerella forsythia,oral,Tannerella forsythia
1051,oral Tannerella sp. oral taxon 808,oral,Tannerella sp. oral taxon 808
1052,oral Tannerella sp. oral taxon BU063,oral,Tannerella sp. oral taxon BU063
1053,oral Treponema denticola,oral,Treponema denticola
1054,oral Treponema lecithinolyticum,oral,Treponema lecithinolyticum
1055,oral Treponema maltophilum,oral,Treponema maltophilum
1056,oral Treponema medium,oral,Treponema medium
1057,oral Treponema socranskii subsp. socranskii ,oral,Treponema socranskii subsp. socranskii 
1058,oral Treponema vincentii,oral,Treponema vincentii
1059,oral Trueperella pyogenes,oral,Trueperella pyogenes
1060,oral Veillonella atypica,oral,Veillonella atypica
1061,oral Veillonella denticariosi,oral,Veillonella denticariosi
1062,oral Veillonella dispar,oral,Veillonella dispar
1063,oral Veillonella infantium,oral,Veillonella infantium
1064,oral Veillonella parvula,oral,Veillonella parvula
1065,oral Veillonella rogosae,oral,Veillonella rogosae
1066,oral Veillonella sp. DNF00869 & oral taxon 780,oral,Veillonella sp. DNF00869 & oral taxon 780
1067,oral Veillonella tobetsuensis,oral,Veillonella tobetsuensis
1068,oral Xylanimonas cellulosilytica,oral,Xylanimonas cellulosilytica
1069,oral [Eubacterium] brachy,oral,[Eubacterium] brachy
1070,oral [Eubacterium] infirmum,oral,[Eubacterium] infirmum
1071,oral [Eubacterium] minutum,oral,[Eubacterium] minutum
1072,oral [Eubacterium] nodatum,oral,[Eubacterium] nodatum
1073,oral [Eubacterium] saphenum,oral,[Eubacterium] saphenum
1074,oral [Eubacterium] sulci,oral,[Eubacterium] sulci
1075,oral candidate division SR1 bacterium MGEHA,oral,candidate division SR1 bacterium MGEHA
1076,oral unclassified,oral,unclassified
1077,oral unclassified Actinomyces,oral,unclassified Actinomyces
1078,oral unclassified Actinomycetaceae,oral,unclassified Actinomycetaceae
1079,oral unclassified Alloprevotella,oral,unclassified Alloprevotella
1080,oral unclassified Anaerolineaceae,oral,unclassified Anaerolineaceae
1081,oral unclassified Atopobiaceae,oral,unclassified Atopobiaceae
1082,oral unclassified Atopobium,oral,unclassified Atopobium
1083,oral unclassified Bacteria,oral,unclassified Bacteria
1084,oral unclassified Bacteroidales,oral,unclassified Bacteroidales
1085,oral unclassified Bacteroides,oral,unclassified Bacteroides
1086,oral unclassified Bacteroidetes,oral,unclassified Bacteroidetes
1087,oral unclassified Campylobacter,oral,unclassified Campylobacter
1088,oral unclassified Candidatus Saccharibacteria,oral,unclassified Candidatus Saccharibacteria
1089,oral unclassified Capnocytophaga,oral,unclassified Capnocytophaga
1090,oral unclassified Cardiobacterium,oral,unclassified Cardiobacterium
1091,oral unclassified Catonella,oral,unclassified Catonella
1092,oral unclassified Caviibacter,oral,unclassified Caviibacter
1093,oral unclassified Centipeda,oral,unclassified Centipeda
1094,oral unclassified Chlamydia,oral,unclassified Chlamydia
1095,oral unclassified Chryseobacterium,oral,unclassified Chryseobacterium
1096,oral unclassified Clostridiales,oral,unclassified Clostridiales
1097,oral unclassified Corynebacterium,oral,unclassified Corynebacterium
1098,oral unclassified Desulfovibrio,oral,unclassified Desulfovibrio
1099,oral unclassified Firmicutes,oral,unclassified Firmicutes
1100,oral unclassified Fusobacterium,oral,unclassified Fusobacterium
1101,oral unclassified Gemella,oral,unclassified Gemella
1102,oral unclassified Granulicatella,oral,unclassified Granulicatella
1103,oral unclassified Isoptericola,oral,unclassified Isoptericola
1104,oral unclassified Johnsonella,oral,unclassified Johnsonella
1105,oral unclassified Kingella,oral,unclassified Kingella
1106,oral unclassified Lachnospiraceae,oral,unclassified Lachnospiraceae
1107,oral unclassified Lactobacillus,oral,unclassified Lactobacillus
1108,oral unclassified Lautropia,oral,unclassified Lautropia
1109,oral unclassified Leptotrichia,oral,unclassified Leptotrichia
1110,oral unclassified Mogibacterium,oral,unclassified Mogibacterium
1111,oral unclassified Neisseria,oral,unclassified Neisseria
1112,oral unclassified Neisseriaceae,oral,unclassified Neisseriaceae
1113,oral unclassified Olsenella,oral,unclassified Olsenella
1114,oral unclassified Oribacterium,oral,unclassified Oribacterium
1115,oral unclassified Parvimonas,oral,unclassified Parvimonas
1116,oral unclassified Peptoanaerobacter,oral,unclassified Peptoanaerobacter
1117,oral unclassified Peptostreptococcus,oral,unclassified Peptostreptococcus
1118,oral unclassified Porphyromonas,oral,unclassified Porphyromonas
1119,oral unclassified Prevotella,oral,unclassified Prevotella
1120,oral unclassified Prevotellaceae,oral,unclassified Prevotellaceae
1121,oral unclassified Propionibacteriales,oral,unclassified Propionibacteriales
1122,oral unclassified Pseudopropionibacterium,oral,unclassified Pseudopropionibacterium
1123,oral unclassified Rodentibacter,oral,unclassified Rodentibacter
1124,oral unclassified Sanguibacter,oral,unclassified Sanguibacter
1125,oral unclassified Selenomonadaceae,oral,unclassified Selenomonadaceae
1126,oral unclassified Selenomonas,oral,unclassified Selenomonas
1127,oral unclassified Solobacterium,oral,unclassified Solobacterium
1128,oral unclassified Staphylococcus,oral,unclassified Staphylococcus
1129,oral unclassified Stomatobaculum,oral,unclassified Stomatobaculum
1130,oral unclassified Streptococcus,oral,unclassified Streptococcus
1131,oral unclassified Synergistaceae,oral,unclassified Synergistaceae
1132,oral unclassified Synergistales,oral,unclassified Synergistales
1133,oral unclassified Tannerella,oral,unclassified Tannerella
1134,oral unclassified Treponema,oral,unclassified Treponema
1135,oral unclassified Veillonella,oral,unclassified Veillonella
